{"stats":{"minecraft:custom":{"minecraft:time_since_rest":87582,"minecraft:crouch_one_cm":1837,"minecraft:sprint_one_cm":68460,"minecraft:play_time":87582,"minecraft:damage_taken":150,"minecraft:walk_one_cm":273205,"minecraft:sneak_time":911,"minecraft:jump":313,"minecraft:leave_game":2,"minecraft:walk_on_water_one_cm":945,"minecraft:time_since_death":87582,"minecraft:climb_one_cm":230,"minecraft:total_world_time":87582,"minecraft:fall_one_cm":2419,"minecraft:fly_one_cm":122414},"minecraft:picked_up":{"minecraft:rotten_flesh":3,"minecraft:leather":2,"minecraft:iron_ingot":1,"born_in_chaos_v1:rotten_fish":1},"minecraft:used":{"minecraft:stone_brick_stairs":25,"minecraft:rotten_flesh":3,"minecraft:oak_log":95,"minecraft:oak_fence":14,"minecraft:oak_trapdoor":34,"minecraft:oak_leaves":16,"minecraft:dirt":10,"born_in_chaos_v1:rotten_fish":1,"minecraft:oak_slab":58,"minecraft:oak_stairs":37,"minecraft:oak_planks":105,"minecraft:stone_brick_wall":31,"minecraft:oak_door":4,"minecraft:stone_bricks":160}},"DataVersion":3120}