{"stats":{"minecraft:mined":{"minecraft:tripwire":1},"minecraft:used":{"minecraft:deepslate_brick_wall":18,"minecraft:oak_trapdoor":10,"minecraft:quartz_bricks":92,"quark:polished_blackstone_brick_vertical_slab":19,"minecraft:water_bucket":2,"minecraft:iron_bars":138,"minecraft:smooth_quartz_slab":226,"iceandfire:dread_stone_stairs":36,"minecraft:red_stained_glass":7,"minecraft:oak_sign":3,"minecraft:light_gray_carpet":10,"born_in_chaos_v1:scorched_planks_door":2,"minecraft:stone":97,"quark:iron_ladder":47,"iceandfire:dread_stone_bricks":927,"minecraft:beacon":1,"minecraft:deepslate_bricks":588,"theabyss:nosaj_sword":2,"minecraft:smooth_quartz_stairs":128,"minecraft:polished_blackstone_bricks":14,"minecraft:oak_leaves":5,"minecraft:golden_apple":32,"paraglider:goddess_statue":1,"minecraft:dirt":9,"minecraft:anvil":6,"minecraft:white_carpet":31,"days_in_the_middle_ages:cell_door":18,"iceandfire:dragonegg_white":3,"theabyss:abyss_sword":2,"days_in_the_middle_ages:cobweb_2":7,"minecraft:deepslate_brick_stairs":44,"minecraft:sticky_piston":3,"paraglider:horned_statue":1,"minecraft:netherite_block":91,"minecraft:light":42,"minecraft:daylight_detector":2,"minecraft:quartz_pillar":58,"minecraft:yellow_stained_glass":1,"minecraft:grass_block":372,"paraglider:goron_goddess_statue":1,"quark:smooth_quartz_vertical_slab":14,"iceandfire:dragon_horn":3,"paraglider:kakariko_goddess_statue":1,"minecraft:iron_helmet":1,"cataclysm:ignitium_helmet":1,"minecraft:smooth_quartz":104,"minecraft:wooden_sword":59,"paraglider:rito_goddess_statue":1,"born_in_chaos_v1:mesh_door":2,"minecraft:red_carpet":21,"minecraft:potion":13,"quark:white_stool":4,"minecraft:white_banner":1,"minecraft:smithing_table":1,"minecraft:black_candle":1,"days_in_the_middle_ages:cobweb_1":12,"drinkbeer:beer_mug_blaze_milk_stout":1},"minecraft:dropped":{"minecraft:enchanted_book":18,"minecraft:iron_sword":1,"minecraft:moss_block":3,"minecraft:wheat_seeds":1,"minecraft:glass_bottle":7,"minecraft:diamond":24,"minecraft:soul_lantern":5,"minecraft:crossbow":1,"minecraft:iron_helmet":1,"minecraft:book":15,"minecraft:iron_boots":2,"monstersandmushrooms:suspicious_leaf":5,"minecraft:glow_lichen":3,"minecraft:golden_apple":32,"bossominium:the_bossdexium":1,"minecraft:emerald":39,"minecraft:deepslate_bricks":1,"minecraft:diamond_sword":2,"minecraft:stone":1,"mca:book_romance":1,"minecraft:torch":6,"minecraft:smooth_quartz":1,"iceandfire:dread_stone_bricks":1,"minecraft:map":1,"theabyss:crown_of_nosaj":1,"farmersdelight:steak_and_potatoes":1,"minecraft:diamond_boots":1,"minecraft:phantom_membrane":3,"minecraft:bow":2,"minecraft:blue_orchid":14,"iceandfire:cannoli":64,"minecraft:string":2,"minecraft:gold_ingot":107,"quark:ancient_tome":7},"minecraft:broken":{"iceandfire:armor_silver_metal_helmet":1,"minecraft:wooden_sword":1},"minecraft:picked_up":{"iceandfire:dread_stone_bricks":1,"iceandfire:dragonegg_white":2,"minecraft:enchanted_book":14,"drinkbeer:beer_mug_blaze_milk_stout":2,"minecraft:string":2,"minecraft:wooden_sword":1,"minecraft:white_carpet":1,"minecraft:blue_orchid":1,"mca:blueprint":1,"theabyss:crown_of_nosaj":1,"minecraft:wheat_seeds":1,"iceandfire:cannoli":64,"minecraft:smooth_quartz":1,"minecraft:moss_block":3,"minecraft:phantom_membrane":3,"monstersandmushrooms:suspicious_leaf":5,"minecraft:black_candle":1,"farmersdelight:steak_and_potatoes":1,"minecraft:torch":6,"minecraft:gravel":1,"minecraft:stone_button":1,"minecraft:netherite_block":1,"quark:ancient_tome":7,"minecraft:deepslate_bricks":1},"minecraft:custom":{"minecraft:interact_with_smithing_table":2,"minecraft:mob_kills":7,"minecraft:interact_with_anvil":14,"minecraft:eat_cake_slice":7,"minecraft:leave_game":4,"minecraft:time_since_death":332664,"minecraft:climb_one_cm":7815,"minecraft:time_since_rest":332664,"minecraft:sprint_one_cm":179019,"minecraft:walk_one_cm":441236,"minecraft:damage_taken":9870,"minecraft:damage_absorbed":520,"minecraft:drop":84,"minecraft:damage_dealt":2470,"minecraft:fly_one_cm":1205727,"minecraft:open_chest":27,"minecraft:crouch_one_cm":8283,"minecraft:play_time":332664,"minecraft:sneak_time":4557,"minecraft:walk_under_water_one_cm":5592,"minecraft:aviate_one_cm":101149,"minecraft:jump":2124,"minecraft:walk_on_water_one_cm":1323,"minecraft:total_world_time":332664,"minecraft:fall_one_cm":10101},"minecraft:killed":{"monstersandmushrooms:maggart":1,"minecraft:witch":1,"minecraft:salmon":1,"minecraft:spider":1,"minecraft:creeper":1,"minecraft:phantom":1,"monstersandmushrooms:bugsy":1}},"DataVersion":3120}