{"stats":{"minecraft:used":{"minecraft:iron_chestplate":1,"minecraft:trapped_chest":11},"minecraft:dropped":{"mca:book_romance":2,"bossominium:the_bossdexium":1},"minecraft:custom":{"minecraft:jump":35,"minecraft:open_chest":1,"minecraft:time_since_rest":9123,"minecraft:crouch_one_cm":664,"minecraft:damage_taken":30,"minecraft:leave_game":1,"minecraft:play_time":9123,"minecraft:sprint_one_cm":817,"minecraft:time_since_death":9123,"minecraft:walk_on_water_one_cm":547,"minecraft:walk_one_cm":13227,"minecraft:sneak_time":179,"minecraft:trigger_trapped_chest":6,"minecraft:total_world_time":9123,"minecraft:walk_under_water_one_cm":494,"minecraft:fall_one_cm":2438,"minecraft:drop":3,"minecraft:fly_one_cm":25219},"minecraft:picked_up":{"mca:book_romance":1}},"DataVersion":3120}