{"stats":{"minecraft:used":{"spartanweaponry:netherite_greatsword":392,"minecraft:netherite_sword":101,"minecraft:diamond_boots":2,"iceandfire:silver_sword":256,"spartanshields:invar_tower_shield":2,"minecraft:iron_chestplate":1,"minecraft:golden_apple":3,"minecraft:dirt":298,"minecraft:anvil":2,"minecraft:loom":1,"spartanweaponry:netherite_longbow":35,"minecraft:diamond_helmet":2,"spartanweaponry:iron_longbow":56,"minecraft:milk_bucket":1,"minecraft:grass_block":1,"minecraft:iron_axe":3,"minecraft:netherite_axe":2,"minecraft:diamond_chestplate":1,"minecraft:golden_carrot":46,"minecraft:white_banner":22,"minecraft:gold_block":28,"minecraft:trapped_chest":13,"minecraft:enchanted_golden_apple":12,"minecraft:diamond_leggings":2},"minecraft:custom":{"minecraft:mob_kills":267,"minecraft:interact_with_anvil":6,"minecraft:interact_with_loom":3,"minecraft:raid_trigger":1,"minecraft:damage_dealt_resisted":766,"minecraft:leave_game":1,"minecraft:time_since_death":237123,"minecraft:climb_one_cm":2474,"minecraft:damage_resisted":781,"minecraft:time_since_rest":237123,"minecraft:sprint_one_cm":254033,"minecraft:damage_absorbed":1291,"minecraft:damage_taken":5374,"minecraft:walk_one_cm":905297,"minecraft:damage_blocked_by_shield":140,"minecraft:trigger_trapped_chest":34,"minecraft:drop":74,"minecraft:damage_dealt":55211,"minecraft:damage_dealt_absorbed":146,"minecraft:fly_one_cm":589777,"minecraft:open_chest":2,"minecraft:raid_win":6,"minecraft:crouch_one_cm":9636,"minecraft:play_time":237123,"minecraft:sneak_time":3068,"minecraft:walk_under_water_one_cm":2082,"minecraft:jump":2786,"minecraft:walk_on_water_one_cm":4273,"minecraft:total_world_time":237123,"minecraft:fall_one_cm":47309},"minecraft:dropped":{"minecraft:iron_sword":1,"minecraft:sweet_berries":2,"minecraft:wheat_seeds":5,"spartanweaponry:iron_parrying_dagger":1,"minecraft:netherite_sword":1,"minecraft:netherite_axe":1,"born_in_chaos_v1:ethereal_spirit":2,"minecraft:crossbow":5,"minecraft:lead":2,"minecraft:enchanted_golden_apple":78,"minecraft:leather":2,"minecraft:saddle":4,"born_in_chaos_v1:pieceofdarkmetal":3,"undead_unleashed:grave_metal_scrap":1,"minecraft:golden_apple":18,"bossominium:the_bossdexium":1,"minecraft:dirt":19,"mca:book_romance":2,"minecraft:golden_carrot":1,"iceandfire:silver_ingot":128,"minecraft:stone_brick_wall":2,"minecraft:spider_eye":1,"minecraft:white_banner":6,"minecraft:white_dye":1,"minecraft:phantom_membrane":7,"minecraft:iron_axe":6,"spartanweaponry:iron_dagger":1,"minecraft:string":2,"minecraft:bone":2},"minecraft:mined":{"minecraft:lilac":1,"minecraft:grass":5},"minecraft:killed":{"monstersandmushrooms:maggart":1,"guardvillagers:guard":1,"minecraft:spider":2,"minecraft:vindicator":107,"minecraft:wandering_trader":1,"minecraft:ravager":9,"born_in_chaos_v1:scarlet_persecutor":4,"minecraft:phantom":18,"minecraft:skeleton":1,"minecraft:trader_llama":1,"born_in_chaos_v1:bloody_gadfly":1,"minecraft:pillager":50,"born_in_chaos_v1:skeleton_thrasher":1,"undead_unleashed:haunter":9},"minecraft:picked_up":{"born_in_chaos_v1:corpse_maggot":3,"minecraft:golden_carrot":1,"minecraft:leather":2,"minecraft:lead":2,"minecraft:stone_brick_wall":2,"minecraft:gold_block":1,"spartanweaponry:iron_spear":1,"mca:book_romance":1,"minecraft:string":3,"minecraft:dirt":50,"minecraft:white_banner":16,"minecraft:iron_axe":10,"minecraft:bone":2,"illageandspillage:bag_of_horrors":1,"minecraft:wheat_seeds":9,"minecraft:netherite_axe":1,"minecraft:glowstone_dust":2,"spartanweaponry:iron_dagger":1,"minecraft:iron_sword":2,"minecraft:phantom_membrane":7,"monstersandmushrooms:insect_leg":2,"minecraft:milk_bucket":1,"minecraft:sweet_berries":2,"born_in_chaos_v1:ethereal_spirit":2,"sophisticatedbackpacks:backpack":1,"spartanweaponry:iron_parrying_dagger":1,"undead_unleashed:grave_metal_scrap":1,"born_in_chaos_v1:pieceofdarkmetal":3,"minecraft:spider_eye":1,"minecraft:arrow":1,"spartanshields:invar_tower_shield":1,"minecraft:crossbow":11,"minecraft:saddle":9,"minecraft:emerald":49,"minecraft:white_wool":1}},"DataVersion":3120}