{"stats":{"minecraft:used":{"minecraft:iron_chestplate":1,"minecraft:diamond_boots":1,"minecraft:diamond_helmet":1,"minecraft:trapped_chest":11,"minecraft:diamond_leggings":1},"minecraft:dropped":{"mca:book_romance":2,"bossominium:the_bossdexium":1},"minecraft:custom":{"minecraft:time_since_rest":21123,"minecraft:open_chest":1,"minecraft:crouch_one_cm":805,"minecraft:sprint_one_cm":817,"minecraft:play_time":21123,"minecraft:damage_taken":30,"minecraft:walk_one_cm":27139,"minecraft:sneak_time":257,"minecraft:trigger_trapped_chest":15,"minecraft:walk_under_water_one_cm":494,"minecraft:drop":3,"minecraft:jump":42,"minecraft:leave_game":1,"minecraft:walk_on_water_one_cm":547,"minecraft:time_since_death":21123,"minecraft:total_world_time":21123,"minecraft:fall_one_cm":2438,"minecraft:fly_one_cm":25219},"minecraft:picked_up":{"spartanshields:invar_tower_shield":1,"mca:book_romance":1}},"DataVersion":3120}