{"stats":{"minecraft:used":{"minecraft:iron_chestplate":1,"minecraft:golden_apple":1,"minecraft:diamond_boots":1,"minecraft:golden_carrot":1,"iceandfire:silver_sword":8,"minecraft:grass_block":1,"minecraft:diamond_helmet":1,"minecraft:trapped_chest":13,"spartanweaponry:iron_longbow":19,"minecraft:diamond_leggings":1},"minecraft:dropped":{"mca:book_romance":2,"bossominium:the_bossdexium":1},"minecraft:custom":{"minecraft:time_since_rest":33123,"minecraft:open_chest":1,"minecraft:crouch_one_cm":1205,"minecraft:sprint_one_cm":6480,"minecraft:play_time":33123,"minecraft:damage_taken":197,"minecraft:walk_one_cm":68599,"minecraft:sneak_time":358,"minecraft:trigger_trapped_chest":25,"minecraft:walk_under_water_one_cm":494,"minecraft:mob_kills":3,"minecraft:drop":3,"minecraft:jump":157,"minecraft:damage_dealt":591,"minecraft:leave_game":1,"minecraft:walk_on_water_one_cm":547,"minecraft:time_since_death":33123,"minecraft:climb_one_cm":12,"minecraft:total_world_time":33123,"minecraft:fall_one_cm":2856,"minecraft:fly_one_cm":33613},"minecraft:killed":{"minecraft:vindicator":2,"minecraft:pillager":1},"minecraft:picked_up":{"spartanshields:invar_tower_shield":1,"minecraft:emerald":1,"minecraft:glowstone_dust":2,"mca:book_romance":1,"minecraft:dirt":24}},"DataVersion":3120}