{"stats":{"minecraft:used":{"spartanweaponry:netherite_greatsword":157,"minecraft:netherite_sword":59,"minecraft:diamond_boots":2,"iceandfire:silver_sword":253,"spartanshields:invar_tower_shield":2,"minecraft:iron_chestplate":1,"minecraft:golden_apple":3,"minecraft:dirt":291,"minecraft:anvil":2,"minecraft:loom":1,"spartanweaponry:netherite_longbow":20,"minecraft:diamond_helmet":2,"spartanweaponry:iron_longbow":56,"minecraft:milk_bucket":1,"minecraft:grass_block":1,"minecraft:iron_axe":3,"minecraft:diamond_chestplate":1,"minecraft:golden_carrot":30,"minecraft:white_banner":22,"minecraft:gold_block":28,"minecraft:trapped_chest":13,"minecraft:enchanted_golden_apple":5,"minecraft:diamond_leggings":2},"minecraft:custom":{"minecraft:mob_kills":166,"minecraft:interact_with_anvil":5,"minecraft:interact_with_loom":3,"minecraft:raid_trigger":1,"minecraft:damage_dealt_resisted":766,"minecraft:leave_game":1,"minecraft:time_since_death":177123,"minecraft:climb_one_cm":2031,"minecraft:damage_resisted":335,"minecraft:time_since_rest":177123,"minecraft:sprint_one_cm":196227,"minecraft:damage_absorbed":751,"minecraft:damage_taken":3182,"minecraft:walk_one_cm":626784,"minecraft:damage_blocked_by_shield":140,"minecraft:trigger_trapped_chest":34,"minecraft:drop":22,"minecraft:damage_dealt":35916,"minecraft:damage_dealt_absorbed":66,"minecraft:fly_one_cm":480045,"minecraft:open_chest":2,"minecraft:raid_win":5,"minecraft:crouch_one_cm":8966,"minecraft:play_time":177123,"minecraft:sneak_time":2867,"minecraft:walk_under_water_one_cm":2082,"minecraft:jump":1970,"minecraft:walk_on_water_one_cm":4273,"minecraft:total_world_time":177123,"minecraft:fall_one_cm":34665},"minecraft:dropped":{"minecraft:sweet_berries":2,"minecraft:wheat_seeds":2,"spartanweaponry:iron_parrying_dagger":1,"born_in_chaos_v1:ethereal_spirit":2,"minecraft:crossbow":1,"minecraft:enchanted_golden_apple":64,"minecraft:saddle":3,"born_in_chaos_v1:pieceofdarkmetal":3,"bossominium:the_bossdexium":1,"mca:book_romance":2,"iceandfire:silver_ingot":128,"minecraft:phantom_membrane":2},"minecraft:mined":{"minecraft:lilac":1,"minecraft:grass":2},"minecraft:killed":{"guardvillagers:guard":1,"minecraft:spider":2,"minecraft:vindicator":54,"minecraft:ravager":8,"born_in_chaos_v1:scarlet_persecutor":4,"minecraft:phantom":8,"born_in_chaos_v1:bloody_gadfly":1,"minecraft:pillager":45,"born_in_chaos_v1:skeleton_thrasher":1,"undead_unleashed:haunter":7},"minecraft:picked_up":{"born_in_chaos_v1:corpse_maggot":3,"spartanweaponry:iron_spear":1,"mca:book_romance":1,"minecraft:string":2,"minecraft:dirt":24,"minecraft:white_banner":9,"minecraft:iron_axe":5,"minecraft:wheat_seeds":3,"minecraft:glowstone_dust":2,"spartanweaponry:iron_dagger":1,"minecraft:iron_sword":2,"minecraft:phantom_membrane":2,"minecraft:milk_bucket":1,"minecraft:sweet_berries":2,"born_in_chaos_v1:ethereal_spirit":2,"sophisticatedbackpacks:backpack":1,"spartanweaponry:iron_parrying_dagger":1,"born_in_chaos_v1:pieceofdarkmetal":3,"minecraft:spider_eye":1,"spartanshields:invar_tower_shield":1,"minecraft:crossbow":3,"minecraft:saddle":8,"minecraft:emerald":27}},"DataVersion":3120}