{"stats":{"minecraft:used":{"minecraft:diamond_boots":1,"iceandfire:silver_sword":100,"minecraft:grass_block":1,"spartanshields:invar_tower_shield":1,"minecraft:iron_chestplate":1,"minecraft:golden_apple":1,"minecraft:dirt":14,"minecraft:golden_carrot":9,"minecraft:trapped_chest":13,"minecraft:diamond_helmet":1,"spartanweaponry:iron_longbow":41,"minecraft:diamond_leggings":1},"minecraft:dropped":{"mca:book_romance":2,"minecraft:wheat_seeds":1,"minecraft:saddle":1,"bossominium:the_bossdexium":1},"minecraft:custom":{"minecraft:time_since_rest":45123,"minecraft:sprint_one_cm":43258,"minecraft:walk_one_cm":121680,"minecraft:damage_taken":908,"minecraft:damage_absorbed":41,"minecraft:damage_blocked_by_shield":120,"minecraft:trigger_trapped_chest":25,"minecraft:mob_kills":28,"minecraft:drop":5,"minecraft:damage_dealt":7176,"minecraft:damage_dealt_absorbed":66,"minecraft:fly_one_cm":110052,"minecraft:raid_win":1,"minecraft:open_chest":1,"minecraft:crouch_one_cm":1471,"minecraft:play_time":45123,"minecraft:sneak_time":394,"minecraft:walk_under_water_one_cm":494,"minecraft:jump":511,"minecraft:damage_dealt_resisted":164,"minecraft:time_since_death":45123,"minecraft:leave_game":1,"minecraft:walk_on_water_one_cm":547,"minecraft:total_world_time":45123,"minecraft:climb_one_cm":455,"minecraft:fall_one_cm":9555},"minecraft:mined":{"minecraft:lilac":1,"minecraft:grass":2},"minecraft:killed":{"minecraft:pillager":8,"minecraft:vindicator":10,"undead_unleashed:haunter":1,"minecraft:ravager":3,"minecraft:phantom":1},"minecraft:picked_up":{"mca:book_romance":1,"minecraft:dirt":24,"minecraft:white_banner":1,"spartanshields:invar_tower_shield":1,"minecraft:wheat_seeds":1,"minecraft:crossbow":1,"minecraft:saddle":2,"minecraft:emerald":5,"minecraft:glowstone_dust":2}},"DataVersion":3120}