{"stats":{"minecraft:used":{"minecraft:diamond_boots":1,"iceandfire:silver_sword":209,"minecraft:iron_axe":3,"minecraft:grass_block":1,"spartanshields:invar_tower_shield":1,"minecraft:iron_chestplate":1,"minecraft:golden_apple":3,"minecraft:anvil":1,"minecraft:dirt":291,"minecraft:golden_carrot":14,"minecraft:loom":1,"minecraft:white_banner":22,"minecraft:gold_block":28,"minecraft:trapped_chest":13,"minecraft:diamond_helmet":1,"spartanweaponry:iron_longbow":51,"minecraft:diamond_leggings":1},"minecraft:dropped":{"mca:book_romance":2,"minecraft:wheat_seeds":1,"iceandfire:silver_ingot":128,"minecraft:crossbow":1,"minecraft:phantom_membrane":1,"minecraft:saddle":3,"bossominium:the_bossdexium":1},"minecraft:custom":{"minecraft:time_since_rest":75123,"minecraft:sprint_one_cm":75992,"minecraft:walk_one_cm":269324,"minecraft:damage_taken":1558,"minecraft:damage_absorbed":123,"minecraft:interact_with_anvil":3,"minecraft:damage_blocked_by_shield":120,"minecraft:trigger_trapped_chest":31,"minecraft:mob_kills":60,"minecraft:drop":11,"minecraft:damage_dealt":15512,"minecraft:damage_dealt_absorbed":66,"minecraft:fly_one_cm":190850,"minecraft:raid_win":3,"minecraft:open_chest":1,"minecraft:crouch_one_cm":1820,"minecraft:interact_with_loom":3,"minecraft:play_time":75123,"minecraft:raid_trigger":1,"minecraft:sneak_time":520,"minecraft:walk_under_water_one_cm":873,"minecraft:jump":935,"minecraft:damage_dealt_resisted":164,"minecraft:time_since_death":75123,"minecraft:leave_game":1,"minecraft:walk_on_water_one_cm":724,"minecraft:total_world_time":75123,"minecraft:climb_one_cm":455,"minecraft:fall_one_cm":15834},"minecraft:mined":{"minecraft:lilac":1,"minecraft:grass":2},"minecraft:killed":{"born_in_chaos_v1:bloody_gadfly":1,"minecraft:pillager":20,"minecraft:vindicator":18,"undead_unleashed:haunter":1,"minecraft:ravager":7,"minecraft:phantom":2},"minecraft:picked_up":{"born_in_chaos_v1:corpse_maggot":3,"mca:book_romance":1,"minecraft:dirt":24,"minecraft:iron_axe":2,"minecraft:white_banner":3,"spartanshields:invar_tower_shield":1,"minecraft:wheat_seeds":1,"minecraft:crossbow":2,"minecraft:saddle":7,"minecraft:emerald":11,"minecraft:glowstone_dust":2,"minecraft:phantom_membrane":1}},"DataVersion":3120}