{"stats":{"minecraft:used":{"spartanweaponry:netherite_greatsword":3,"minecraft:diamond_boots":2,"iceandfire:silver_sword":253,"minecraft:iron_axe":3,"minecraft:grass_block":1,"spartanshields:invar_tower_shield":2,"minecraft:diamond_chestplate":1,"minecraft:iron_chestplate":1,"minecraft:golden_apple":3,"minecraft:anvil":1,"minecraft:dirt":291,"minecraft:golden_carrot":20,"minecraft:loom":1,"minecraft:white_banner":22,"minecraft:gold_block":28,"minecraft:trapped_chest":13,"minecraft:diamond_helmet":2,"spartanweaponry:iron_longbow":56,"minecraft:milk_bucket":1,"minecraft:diamond_leggings":2},"minecraft:dropped":{"minecraft:sweet_berries":2,"mca:book_romance":2,"minecraft:wheat_seeds":2,"spartanweaponry:iron_parrying_dagger":1,"iceandfire:silver_ingot":128,"born_in_chaos_v1:ethereal_spirit":2,"minecraft:crossbow":1,"minecraft:enchanted_golden_apple":64,"minecraft:phantom_membrane":2,"minecraft:saddle":3,"bossominium:the_bossdexium":1},"minecraft:custom":{"minecraft:time_since_rest":165123,"minecraft:sprint_one_cm":172311,"minecraft:walk_one_cm":550911,"minecraft:damage_taken":1794,"minecraft:damage_absorbed":123,"minecraft:interact_with_anvil":4,"minecraft:damage_blocked_by_shield":140,"minecraft:trigger_trapped_chest":34,"minecraft:mob_kills":73,"minecraft:drop":19,"minecraft:damage_dealt":19190,"minecraft:damage_dealt_absorbed":66,"minecraft:fly_one_cm":420658,"minecraft:raid_win":4,"minecraft:open_chest":2,"minecraft:crouch_one_cm":8203,"minecraft:interact_with_loom":3,"minecraft:play_time":165123,"minecraft:raid_trigger":1,"minecraft:sneak_time":2808,"minecraft:walk_under_water_one_cm":873,"minecraft:jump":1645,"minecraft:damage_dealt_resisted":164,"minecraft:time_since_death":165123,"minecraft:leave_game":1,"minecraft:walk_on_water_one_cm":724,"minecraft:total_world_time":165123,"minecraft:climb_one_cm":1823,"minecraft:fall_one_cm":28999},"minecraft:mined":{"minecraft:lilac":1,"minecraft:grass":2},"minecraft:killed":{"born_in_chaos_v1:bloody_gadfly":1,"minecraft:pillager":21,"minecraft:vindicator":18,"undead_unleashed:haunter":1,"minecraft:ravager":7,"born_in_chaos_v1:scarlet_persecutor":4,"minecraft:phantom":8},"minecraft:picked_up":{"born_in_chaos_v1:corpse_maggot":3,"minecraft:sweet_berries":2,"minecraft:milk_bucket":1,"born_in_chaos_v1:ethereal_spirit":2,"spartanweaponry:iron_parrying_dagger":1,"mca:book_romance":1,"minecraft:dirt":24,"minecraft:iron_axe":2,"minecraft:white_banner":3,"spartanshields:invar_tower_shield":1,"minecraft:wheat_seeds":2,"minecraft:crossbow":2,"minecraft:saddle":7,"minecraft:emerald":13,"minecraft:glowstone_dust":2,"minecraft:phantom_membrane":2}},"DataVersion":3120}