{"stats":{"minecraft:custom":{"minecraft:time_since_rest":46449,"minecraft:crouch_one_cm":841,"minecraft:play_time":46449,"minecraft:sprint_one_cm":48589,"minecraft:damage_taken":47,"minecraft:walk_one_cm":91398,"minecraft:sneak_time":270,"minecraft:mob_kills":1,"minecraft:jump":481,"minecraft:damage_dealt":404,"minecraft:leave_game":1,"minecraft:time_since_death":46449,"minecraft:walk_on_water_one_cm":45,"minecraft:total_world_time":46449,"minecraft:swim_one_cm":576,"minecraft:fall_one_cm":4421,"minecraft:fly_one_cm":356054},"minecraft:killed":{"born_in_chaos_v1:dark_vortex":1},"minecraft:used":{"minecraft:dirt":1,"minecraft:sweet_berries":18,"minecraft:grass_block":2,"minecraft:oak_sign":5},"minecraft:mined":{"minecraft:grass_block":1,"minecraft:oak_sign":2},"minecraft:picked_up":{"minecraft:oak_sign":4,"minecraft:sweet_berries":27,"minecraft:dirt":1}},"DataVersion":3120}