{"stats":{"minecraft:used":{"drinkbeer:beer_mug_blaze_milk_stout":11,"minecraft:black_terracotta":1,"farmersdelight:mixed_salad":5,"minecraft:gray_terracotta":1,"minecraft:dark_oak_stairs":2,"farmersdelight:hot_cocoa":1,"minecraft:dirt_path":2,"iceandfire:sheep_chestplate":1,"drinkbeer:empty_beer_mug":4,"drinkbeer:beer_mug_haars_icey_pale_lager":15,"minecraft:red_terracotta":1,"farmersdelight:barbecue_stick":2,"iceandfire:armor_red_chestplate":1,"iceandfire:dragon_skull_lightning":1,"quark:black_framed_glass":2,"drinkbeer:beer_mug_frothy_pink_eggnog":4,"ninjaworld:diamond_ninja_kimono_helmet":1,"iceandfire:armor_red_leggings":1,"farmersdelight:sweet_berry_cheesecake":2,"drinkbeer:beer_barrel":1,"minecraft:glowstone":1,"narutomod:red_anbu_mask":1,"minecraft:spyglass":148,"quark:cooked_crab_leg":2,"monstersandmushrooms:gnome_helmet":1,"monstersandmushrooms:wither_chestplate":1,"drinkbeer:beer_mug":10,"farmersdelight:cod_roll":2,"farmersdelight:steak_and_potatoes":5,"spartanweaponry:steel_greatsword":53,"drinkbeer:beer_mug_sweet_berry_kriek":38,"iceandfire:armor_red_boots":1,"monstersandmushrooms:evoker_chestplate":2,"farmersdelight:apple_pie":1,"minecraft:milk_bucket":11,"farmersdelight:bacon_and_eggs":1,"iceandfire:armor_red_helmet":1},"minecraft:dropped":{"minecraft:spyglass":1,"drinkbeer:beer_mug_blaze_milk_stout":4,"spartanweaponry:platinum_glaive":1,"mca:wedding_ring_rg":2,"minecraft:smooth_quartz":1,"farmersdelight:mixed_salad":1,"iceandfire:sheep_chestplate":1,"mca:engagement_ring_rg":5,"drinkbeer:beer_mug_haars_icey_pale_lager":1,"bossominium:the_bossdexium":1},"minecraft:custom":{"minecraft:time_since_rest":216299,"minecraft:sprint_one_cm":35885,"minecraft:walk_one_cm":340427,"minecraft:mob_kills":16,"minecraft:drop":18,"minecraft:damage_dealt":3265,"minecraft:fly_one_cm":126381,"minecraft:crouch_one_cm":7734,"minecraft:play_time":216299,"minecraft:sneak_time":5074,"minecraft:jump":153,"minecraft:leave_game":1,"minecraft:walk_on_water_one_cm":4025,"minecraft:time_since_death":216299,"minecraft:climb_one_cm":208,"minecraft:total_world_time":216299,"minecraft:horse_one_cm":98478},"minecraft:killed":{"minecraft:skeleton":4,"born_in_chaos_v1:phantom_creeper_copy":2,"minecraft:spider":1,"minecraft:creeper":5,"minecraft:enderman":1,"born_in_chaos_v1:decrepit_skeleton":1},"minecraft:picked_up":{"mca:wedding_ring_rg":2,"iceandfire:dragon_skull_lightning":2,"minecraft:milk_bucket":1,"spartanweaponry:platinum_glaive":1,"farmersdelight:steak_and_potatoes":1,"mca:engagement_ring_rg":5,"born_in_chaos_v1:phantom_powder":3,"minecraft:spyglass":1,"undead_unleashed:grave_metal_scrap":6,"drinkbeer:beer_mug_blaze_milk_stout":2,"minecraft:gunpowder":5,"minecraft:string":1,"iceandfire:sheep_chestplate":1,"minecraft:bone":4,"minecraft:arrow":4,"bossominium:the_bossdexium":1,"born_in_chaos_v1:gnawed_bones":1,"minecraft:smooth_quartz":1}},"DataVersion":3120}