{"stats":{"minecraft:used":{"iceandfire:armor_red_helmet":1,"drinkbeer:beer_mug_blaze_milk_stout":11,"minecraft:dark_oak_stairs":2,"farmersdelight:mixed_salad":5,"minecraft:dirt_path":2,"spartanweaponry:iron_parrying_dagger":70,"iceandfire:sheep_chestplate":1,"minecraft:netherite_chestplate":1,"drinkbeer:empty_beer_mug":4,"minecraft:chest":3,"iceandfire:armor_red_chestplate":1,"farmersdelight:barbecue_stick":2,"iceandfire:dragon_skull_lightning":1,"farmersdelight:sweet_berry_cheesecake":2,"minecraft:spyglass":148,"monstersandmushrooms:wither_chestplate":1,"minecraft:netherite_leggings":2,"monstersandmushrooms:gnome_helmet":1,"drinkbeer:beer_mug":10,"farmersdelight:cod_roll":2,"minecraft:crossbow":2,"farmersdelight:steak_and_potatoes":5,"iceandfire:armor_red_boots":1,"farmersdelight:apple_pie":1,"minecraft:milk_bucket":11,"monstersandmushrooms:evoker_chestplate":2,"farmersdelight:bacon_and_eggs":1,"minecraft:black_terracotta":1,"minecraft:gray_terracotta":1,"farmersdelight:hot_cocoa":1,"drinkbeer:beer_mug_haars_icey_pale_lager":15,"minecraft:red_terracotta":1,"quark:black_framed_glass":2,"drinkbeer:beer_barrel":1,"iceandfire:armor_red_leggings":1,"minecraft:netherite_boots":2,"ninjaworld:diamond_ninja_kimono_helmet":1,"drinkbeer:beer_mug_frothy_pink_eggnog":4,"minecraft:glowstone":1,"narutomod:red_anbu_mask":1,"quark:cooked_crab_leg":2,"drinkbeer:beer_mug_sweet_berry_kriek":38,"spartanweaponry:steel_greatsword":53,"minecraft:enchanted_golden_apple":3},"minecraft:dropped":{"minecraft:spyglass":1,"spartanweaponry:iron_parrying_dagger":1,"spartanweaponry:platinum_glaive":1,"mca:wedding_ring_rg":2,"minecraft:crossbow":6,"minecraft:enchanted_golden_apple":4,"drinkbeer:beer_mug_haars_icey_pale_lager":1,"bossominium:the_bossdexium":1,"drinkbeer:beer_mug_blaze_milk_stout":4,"minecraft:smooth_quartz":1,"farmersdelight:mixed_salad":1,"iceandfire:sheep_chestplate":1,"mca:engagement_ring_rg":5},"minecraft:custom":{"minecraft:mob_kills":22,"minecraft:leave_game":1,"minecraft:time_since_death":258299,"minecraft:damage_resisted":18,"minecraft:climb_one_cm":208,"minecraft:time_since_rest":258299,"minecraft:damage_absorbed":37,"minecraft:sprint_one_cm":78850,"minecraft:damage_taken":65,"minecraft:walk_one_cm":410987,"minecraft:drop":29,"minecraft:damage_dealt":5571,"minecraft:fly_one_cm":196903,"minecraft:open_chest":1,"minecraft:crouch_one_cm":10008,"minecraft:play_time":258299,"minecraft:sneak_time":7508,"minecraft:jump":274,"minecraft:walk_on_water_one_cm":4537,"minecraft:total_world_time":258299,"minecraft:fall_one_cm":4114,"minecraft:horse_one_cm":98478},"minecraft:killed":{"minecraft:vindicator":11,"minecraft:spider":1,"illageandspillage:trick_or_treat":1,"minecraft:creeper":5,"born_in_chaos_v1:decrepit_skeleton":1,"minecraft:skeleton":4,"born_in_chaos_v1:phantom_creeper_copy":2,"minecraft:pillager":1,"undead_unleashed:haunter":2,"minecraft:enderman":1},"minecraft:picked_up":{"iceandfire:dragon_skull_lightning":2,"minecraft:netherite_boots":1,"spartanweaponry:platinum_glaive":1,"drinkbeer:beer_mug_blaze_milk_stout":2,"minecraft:shield":1,"minecraft:gunpowder":5,"minecraft:netherite_leggings":1,"minecraft:string":1,"minecraft:white_banner":15,"minecraft:iron_axe":7,"iceandfire:sheep_chestplate":1,"minecraft:bone":4,"born_in_chaos_v1:gnawed_bones":1,"minecraft:smooth_quartz":1,"minecraft:enchanted_golden_apple":64,"minecraft:iron_sword":2,"mca:wedding_ring_rg":2,"minecraft:milk_bucket":1,"farmersdelight:steak_and_potatoes":1,"mca:engagement_ring_rg":5,"born_in_chaos_v1:phantom_powder":3,"minecraft:spyglass":1,"spartanweaponry:iron_parrying_dagger":2,"undead_unleashed:grave_metal_scrap":6,"minecraft:arrow":4,"minecraft:netherite_helmet":1,"bossominium:the_bossdexium":1,"minecraft:crossbow":9,"minecraft:golden_apple":6,"minecraft:saddle":4,"minecraft:emerald":8,"minecraft:bread":64,"minecraft:netherite_chestplate":1}},"DataVersion":3120}