{"stats":{"minecraft:used":{"theabyss:phantom_lantern":10,"minecraft:iron_shovel":624,"minecraft:spruce_slab":169,"minecraft:oak_sign":2,"minecraft:spruce_planks":215,"quark:andesite_bricks_wall":13,"minecraft:stone":20,"minecraft:iron_sword":103,"minecraft:sandstone_wall":16,"quark:gray_framed_glass_pane":4,"minecraft:iron_chestplate":1,"quark:ancient_log":66,"minecraft:dirt":135,"minecraft:anvil":3,"minecraft:spruce_stairs":65,"minecraft:stone_stairs":8,"cataclysm:stone_tiles":56,"iceandfire:armor_silver_metal_helmet":1,"minecraft:spruce_fence":88,"minecraft:stripped_spruce_log":1,"minecraft:shroomlight":19,"minecraft:andesite_wall":13,"minecraft:stone_brick_slab":7,"theabyss:hoglin_lantern":2,"spartanweaponry:iron_tomahawk":6,"quark:spruce_chest":12,"minecraft:lantern":5,"minecraft:iron_axe":308,"minecraft:grass_block":1260,"minecraft:smooth_sandstone":54,"days_in_the_middle_ages:barrel":2,"minecraft:iron_boots":1,"minecraft:stone_brick_stairs":24,"minecraft:barrel":5,"minecraft:stone_bricks":52,"minecraft:glowstone":103,"spartanweaponry:iron_throwing_knife":18,"minecraft:sweet_berries":7,"minecraft:scaffolding":47,"minecraft:oak_sapling":2,"minecraft:egg":7,"cataclysm:stone_tile_slab":8,"irons_spellbooks:pedestal":2,"minecraft:cobbled_deepslate_wall":3,"minecraft:calcite":63,"minecraft:water_bucket":5,"minecraft:diorite":57,"minecraft:dirt_path":39,"minecraft:spruce_door":1,"quark:smooth_sandstone_vertical_slab":29,"quark:white_framed_glass_pane":2,"minecraft:polished_andesite":63,"minecraft:andesite_slab":5,"minecraft:cauldron":2,"minecraft:spruce_sign":6,"spartanweaponry:iron_boomerang":14,"minecraft:stonecutter":4,"minecraft:spruce_fence_gate":1,"minecraft:golden_apple":3,"minecraft:polished_deepslate_slab":11,"minecraft:dark_oak_trapdoor":9,"minecraft:mangrove_trapdoor":23,"minecraft:crafting_table":3,"minecraft:blast_furnace":30,"minecraft:campfire":3,"spartanweaponry:iron_katana":44,"cataclysm:stone_tile_stairs":19,"minecraft:spruce_log":104,"minecraft:black_terracotta":52,"minecraft:oak_log":7,"quark:white_framed_glass":2,"minecraft:apple":14,"minecraft:diamond_shovel":657,"quark:cut_sandstone_vertical_slab":13,"minecraft:chicken":2,"minecraft:bread":35,"minecraft:iron_pickaxe":115,"minecraft:spruce_trapdoor":167,"spartanweaponry:iron_heavy_crossbow":56,"minecraft:spruce_sapling":14,"minecraft:polished_andesite_slab":4,"quark:black_corundum_cluster":7,"minecraft:cobblestone":2,"minecraft:cobbled_deepslate_slab":15,"minecraft:grindstone":1,"minecraft:smithing_table":1,"minecraft:andesite":64,"quark:sandstone_bricks_wall":16,"minecraft:chain":5,"minecraft:andesite_stairs":9,"minecraft:bucket":5,"minecraft:smooth_stone_slab":28,"minecraft:coarse_dirt":1,"minecraft:bone_meal":19},"minecraft:mined":{"quark:ancient_log":12,"minecraft:spruce_planks":6,"iceandfire:silver_ore":3,"minecraft:spruce_trapdoor":2,"minecraft:cobbled_deepslate_slab":4,"minecraft:grass_block":3,"cataclysm:stone_tile_stairs":5,"quark:white_framed_glass_pane":2,"minecraft:spruce_leaves":2,"theabyss:hoglin_hanging_lantern":2,"minecraft:iron_ore":2,"minecraft:andesite":6,"minecraft:stripped_spruce_log":4,"treechop:chopped_log":13,"minecraft:anvil":1,"quark:black_corundum_cluster":7,"minecraft:polished_deepslate_slab":1,"minecraft:oak_sign":1,"minecraft:dirt_path":26,"minecraft:lantern":3,"quark:white_framed_glass":2,"minecraft:stone":2,"minecraft:spruce_slab":18,"theabyss:phantom_hanging_lantern":4,"minecraft:smithing_table":1,"minecraft:scaffolding":28,"minecraft:stone_brick_slab":1,"minecraft:crafting_table":1,"quark:white_corundum_cluster":2,"minecraft:blast_furnace":27,"minecraft:calcite":6,"quark:andesite_bricks_wall":2,"minecraft:campfire":2,"minecraft:andesite_wall":1,"minecraft:grindstone":1,"minecraft:diorite":6,"quark:stripped_ancient_log":1,"minecraft:spruce_stairs":13,"minecraft:chain":1,"minecraft:coarse_dirt":1,"minecraft:spruce_log":14,"minecraft:stone_brick_stairs":1,"minecraft:grass":19,"minecraft:oak_log":6,"minecraft:dirt":1,"minecraft:stonecutter":3,"minecraft:spruce_fence_gate":1,"minecraft:polished_andesite":8},"minecraft:crafted":{"minecraft:oak_planks":12,"minecraft:oak_sign":3,"minecraft:bone_meal":12,"minecraft:spruce_stairs":8,"minecraft:spruce_slab":126,"quark:spruce_chest":12,"minecraft:spruce_sign":3,"minecraft:crafting_table":1,"minecraft:spruce_planks":260,"minecraft:air":0,"minecraft:stick":8,"minecraft:iron_shovel":1},"minecraft:dropped":{"minecraft:iron_sword":1,"minecraft:wheat_seeds":1,"minecraft:grass_block":1,"minecraft:phantom_membrane":1,"minecraft:rotten_flesh":8,"minecraft:oak_sign":1,"minecraft:glowstone":1,"born_in_chaos_v1:corpse_maggot":1},"minecraft:broken":{"minecraft:iron_axe":1},"minecraft:picked_up":{"minecraft:charcoal":4,"minecraft:crafting_table":1,"minecraft:coarse_dirt":2,"quark:white_corundum_cluster":2,"minecraft:azure_bluet":6,"minecraft:chicken":4,"born_in_chaos_v1:river_mint":1,"minecraft:anvil":1,"cataclysm:stone_tile_stairs":4,"undead_unleashed:cursed_cloth":1,"minecraft:smithing_table":1,"minecraft:stone_brick_stairs":1,"minecraft:chain":1,"spartanweaponry:iron_katana":1,"quark:white_framed_glass_pane":2,"minecraft:oak_sign":1,"theabyss:hoglin_lantern":2,"irons_spellbooks:arcane_essence":3,"minecraft:spruce_planks":6,"minecraft:beef":6,"minecraft:calcite":6,"minecraft:spruce_slab":20,"minecraft:egg":8,"minecraft:spruce_trapdoor":2,"minecraft:phantom_membrane":7,"minecraft:stick":29,"minecraft:raw_iron":2,"minecraft:polished_deepslate_slab":1,"minecraft:torch":3,"minecraft:spruce_stairs":13,"iceandfire:silver_ore":3,"minecraft:diorite":6,"minecraft:andesite_wall":1,"minecraft:arrow":10,"minecraft:rotten_flesh":19,"minecraft:red_tulip":1,"minecraft:mutton":5,"minecraft:cobblestone":66,"minecraft:white_wool":1,"quark:andesite_bricks_wall":2,"minecraft:birch_log":1,"born_in_chaos_v1:corpse_maggot":10,"minecraft:feather":4,"born_in_chaos_v1:monster_flesh":1,"minecraft:andesite":6,"minecraft:jungle_log":2,"minecraft:leather":1,"theabyss:phantom_lantern":4,"quark:black_corundum_cluster":7,"minecraft:oak_log":20,"iceandfire:ectoplasm":1,"minecraft:gunpowder":5,"minecraft:dirt":43,"minecraft:lantern":3,"undead_unleashed:necrotic_dust":1,"minecraft:bone":17,"minecraft:stonecutter":3,"minecraft:wheat_seeds":6,"quark:white_framed_glass":2,"minecraft:cobbled_deepslate_slab":4,"minecraft:grindstone":1,"minecraft:iron_ingot":2,"minecraft:rabbit":4,"minecraft:iron_sword":1,"minecraft:scaffolding":38,"minecraft:sweet_berries":12,"minecraft:stone_brick_slab":1,"undead_unleashed:grave_metal_scrap":11,"minecraft:stripped_spruce_log":4,"minecraft:spruce_sapling":41,"minecraft:blast_furnace":26,"minecraft:grass_block":2,"minecraft:spruce_log":166,"minecraft:dark_oak_log":2,"minecraft:polished_andesite":8,"minecraft:spruce_fence_gate":1,"quark:stripped_ancient_log":1,"minecraft:emerald":1,"quark:ancient_log":12,"minecraft:oak_sapling":5,"minecraft:ender_pearl":1},"minecraft:killed_by":{"iceandfire:ghost":1},"minecraft:custom":{"minecraft:mob_kills":79,"minecraft:interact_with_anvil":2,"minecraft:interact_with_crafting_table":8,"minecraft:fill_cauldron":1,"minecraft:damage_dealt_resisted":90,"minecraft:leave_game":24,"minecraft:time_since_death":331213,"minecraft:climb_one_cm":21289,"minecraft:sprint_one_cm":717568,"minecraft:walk_one_cm":1016413,"minecraft:drop":12,"minecraft:play_time":559870,"minecraft:sneak_time":16454,"minecraft:deaths":1,"minecraft:walk_under_water_one_cm":7773,"minecraft:jump":3539,"minecraft:interact_with_blast_furnace":2,"minecraft:walk_on_water_one_cm":6701,"minecraft:total_world_time":559870,"minecraft:interact_with_stonecutter":4,"minecraft:sleep_in_bed":4,"minecraft:time_since_rest":30101,"minecraft:damage_taken":3024,"minecraft:damage_absorbed":60,"minecraft:trigger_trapped_chest":1,"minecraft:interact_with_beacon":13,"minecraft:damage_dealt":9312,"minecraft:swim_one_cm":13052,"minecraft:fly_one_cm":2307037,"minecraft:open_chest":20,"minecraft:crouch_one_cm":23141,"minecraft:fall_one_cm":77302},"minecraft:killed":{"born_in_chaos_v1:zombie_lumberjack":2,"born_in_chaos_v1:maggot":2,"minecraft:phantom":27,"minecraft:skeleton":7,"minecraft:chicken":4,"minecraft:wolf":3,"born_in_chaos_v1:fallen_chaos_knight":1,"born_in_chaos_v1:swarmer":1,"irons_spellbooks:necromancer":1,"minecraft:creeper":3,"minecraft:sheep":1,"born_in_chaos_v1:bloody_gadfly":2,"minecraft:zombie":7,"iceandfire:ghost":4,"undead_unleashed:shadewraith":2,"born_in_chaos_v1:dread_hound":1,"born_in_chaos_v1:corpse_fly":4,"mca:female_villager":1,"born_in_chaos_v1:door_knight":1,"minecraft:enderman":2,"minecraft:cow":2}},"DataVersion":3120}