{"stats":{"minecraft:used":{"minecraft:oak_fence":2,"drinkbeer:beer_mug_blaze_milk_stout":1,"minecraft:oak_trapdoor":1,"mca:golden_slanted_headstone":21,"iceandfire:silver_sword":197,"minecraft:red_concrete":43,"sophisticatedbackpacks:copper_backpack":1,"minecraft:spruce_slab":1,"minecraft:redstone":65,"minecraft:polished_basalt":59,"minecraft:spruce_planks":125,"minecraft:white_terracotta":8,"minecraft:stone":240,"minecraft:iron_sword":14,"quark:white_corundum_cluster":6,"minecraft:iron_chestplate":1,"minecraft:smooth_sandstone_stairs":2,"minecraft:structure_block":132,"minecraft:sandstone_wall":34,"minecraft:player_head":7,"minecraft:cooked_chicken":32,"minecraft:farmland":1,"minecraft:oak_door":3,"minecraft:torch":3,"paraglider:goddess_statue":1,"minecraft:dirt":698,"theabyss:aberythe_sword":10,"minecraft:spruce_stairs":96,"minecraft:deepslate_tile_slab":48,"minecraft:allium":2,"minecraft:yellow_carpet":30,"minecraft:pink_terracotta":3,"spartanweaponry:iron_longbow":23,"minecraft:spruce_fence":4,"minecraft:milk_bucket":1,"minecraft:ravager_spawn_egg":10,"born_in_chaos_v1:supreme_measure":150,"minecraft:dark_oak_planks":75,"minecraft:bricks":4,"minecraft:bookshelf":7,"minecraft:spruce_wood":60,"minecraft:lantern":216,"minecraft:grass_block":1387,"minecraft:oak_stairs":16,"minecraft:smooth_sandstone":166,"minecraft:iron_helmet":1,"minecraft:dark_oak_slab":118,"minecraft:iron_boots":1,"minecraft:smooth_quartz":47,"quark:red_framed_glass":56,"quark:black_framed_glass":791,"minecraft:stone_bricks":116,"minecraft:bedrock":3,"minecraft:birch_trapdoor":1,"minecraft:glowstone":1876,"minecraft:redstone_lamp":23,"minecraft:waxed_cut_copper_slab":1,"minecraft:brown_carpet":127,"minecraft:deepslate_tile_stairs":123,"minecraft:egg":7,"minecraft:iron_leggings":1,"minecraft:emerald_ore":10,"minecraft:wheat_seeds":20,"minecraft:dark_oak_stairs":206,"mca:male_villager_spawn_egg":2,"minecraft:water_bucket":232,"minecraft:diorite":8,"irons_spellbooks:priest_spawn_egg":1,"born_in_chaos_v1:barrel_zombie_spawn_egg":2,"minecraft:dirt_path":1,"minecraft:spruce_door":15,"illageandspillage:ragno_spawn_egg":2,"quark:smooth_sandstone_vertical_slab":12,"minecraft:oak_planks":47,"minecraft:smooth_sandstone_slab":8,"minecraft:sandstone":768,"minecraft:redstone_block":22,"minecraft:vindicator_spawn_egg":230,"iceandfire:dragon_skull_lightning":1,"quark:gray_stool":8,"minecraft:golden_apple":1,"minecraft:sand":46,"minecraft:stripped_dark_oak_log":17,"minecraft:oak_slab":10,"beautify:lamp_candleabra_yellow":3,"quark:red_stool":10,"minecraft:light_blue_wool":5,"minecraft:sponge":56,"iceandfire:silver_axe":5,"minecraft:deepslate_tiles":71,"minecraft:oak_log":6,"minecraft:black_terracotta":57,"minecraft:gray_terracotta":62,"minecraft:flower_pot":2,"quark:purple_stool":177,"spartanweaponry:iron_saber":4,"quark:cut_sandstone_vertical_slab":12,"minecraft:bread":20,"quark:smooth_quartz_vertical_slab":13,"minecraft:lectern":29,"minecraft:red_terracotta":17,"minecraft:spruce_trapdoor":36,"minecraft:deepslate":59,"minecraft:spruce_sapling":2,"minecraft:gravel":18,"minecraft:soul_lantern":3,"minecraft:wooden_sword":27,"minecraft:cobblestone":21,"iceandfire:spawn_egg_hippogryph":1,"minecraft:chain":5,"minecraft:coarse_dirt":5,"minecraft:splash_potion":11,"minecraft:pillager_spawn_egg":69},"minecraft:custom":{"minecraft:mob_kills":202,"minecraft:bell_ring":2,"minecraft:damage_dealt_resisted":54,"minecraft:leave_game":36,"minecraft:time_since_death":2039836,"minecraft:climb_one_cm":11412,"minecraft:sprint_one_cm":4670593,"minecraft:walk_one_cm":2328314,"minecraft:drop":57,"minecraft:talked_to_villager":16,"minecraft:raid_win":3,"minecraft:play_time":2039836,"minecraft:sneak_time":35052,"minecraft:walk_under_water_one_cm":23993,"minecraft:jump":21899,"minecraft:walk_on_water_one_cm":22821,"minecraft:total_world_time":2039836,"minecraft:pot_flower":2,"minecraft:time_since_rest":2039836,"minecraft:damage_taken":12499,"minecraft:damage_absorbed":40,"minecraft:trigger_trapped_chest":19,"minecraft:damage_dealt":35152,"minecraft:fly_one_cm":20215790,"minecraft:swim_one_cm":6870,"minecraft:open_chest":23,"minecraft:crouch_one_cm":55628,"minecraft:fall_one_cm":37304,"minecraft:horse_one_cm":455119},"minecraft:dropped":{"minecraft:bread":66,"spartanweaponry:platinum_glaive":1,"mca:wedding_ring_rg":1,"minecraft:crossbow":2,"minecraft:iron_helmet":5,"minecraft:cobblestone":65,"minecraft:golden_apple":6,"minecraft:emerald":2,"minecraft:milk_bucket":1,"drinkbeer:beer_mug_blaze_milk_stout":1,"minecraft:torch":5,"minecraft:iron_leggings":4,"minecraft:wooden_sword":3,"minecraft:white_banner":8,"minecraft:iron_axe":3,"minecraft:string":2,"minecraft:bone":2,"minecraft:iron_boots":4,"minecraft:structure_block":1,"minecraft:rabbit_foot":1,"iceandfire:sapphire_gem":1,"minecraft:shield":1,"minecraft:iron_chestplate":4,"minecraft:leather_boots":1,"minecraft:spruce_log":19,"minecraft:arrow":1,"minecraft:bow":1,"minecraft:egg":1},"minecraft:mined":{"minecraft:grass_block":3,"minecraft:tall_grass":1,"minecraft:grass":3},"minecraft:killed":{"monstersandmushrooms:maggart":1,"mythicmounts:dragon":1,"minecraft:vindicator":33,"minecraft:spider":5,"minecraft:slime":45,"minecraft:phantom":1,"born_in_chaos_v1:maggot":3,"minecraft:skeleton":12,"born_in_chaos_v1:dire_hound_leader":1,"minecraft:chicken":4,"born_in_chaos_v1:skeleton_thrasher":1,"born_in_chaos_v1:barrel_zombie":1,"born_in_chaos_v1:swarmer":1,"minecraft:ravager":2,"minecraft:creeper":28,"born_in_chaos_v1:decrepit_skeleton":2,"minecraft:sheep":1,"minecraft:trader_llama":1,"born_in_chaos_v1:bloody_gadfly":1,"minecraft:pillager":15,"minecraft:zombie":11,"iceandfire:ghost":1,"born_in_chaos_v1:dread_hound":1,"born_in_chaos_v1:corpse_fly":3,"undead_unleashed:haunter":2,"minecraft:wither_skeleton":7,"minecraft:enderman":1,"minecraft:cow":2},"minecraft:picked_up":{"iceandfire:dragon_skull_lightning":2,"minecraft:iron_chestplate":3,"minecraft:coarse_dirt":6,"quark:white_corundum_cluster":7,"minecraft:allium":2,"minecraft:azure_bluet":18,"spartanweaponry:platinum_glaive":1,"iceandfire:witherbone":2,"minecraft:chainmail_boots":3,"minecraft:chicken":1,"born_in_chaos_v1:river_mint":6,"minecraft:clay_ball":3,"born_in_chaos_v1:seedof_chaos":1,"minecraft:lead":2,"minecraft:diamond_sword":2,"minecraft:enchanted_book":7,"paraglider:heart_container":1,"minecraft:iron_axe":3,"minecraft:string":6,"spartanweaponry:iron_katana":1,"minecraft:wooden_sword":2,"minecraft:iron_leggings":3,"minecraft:pufferfish":2,"minecraft:experience_bottle":49,"minecraft:blue_orchid":14,"minecraft:sea_pickle":1,"minecraft:diamond_leggings":2,"undead_unleashed:grave_metal_sword":3,"minecraft:azalea_leaves":2,"minecraft:enchanted_golden_apple":4,"minecraft:chest":1,"minecraft:phantom_membrane":1,"minecraft:egg":6,"minecraft:iron_boots":3,"minecraft:tipped_arrow":1,"minecraft:raw_iron":1,"minecraft:sandstone":9,"born_in_chaos_v1:shattered_skull":2,"minecraft:torch":5,"minecraft:rabbit_foot":1,"minecraft:brown_carpet":3,"minecraft:arrow":11,"minecraft:rotten_flesh":18,"farmersdelight:onion":1,"minecraft:saddle":1,"born_in_chaos_v1:spiny_shell":1,"minecraft:gold_ingot":178,"sophisticatedbackpacks:copper_backpack":1,"minecraft:white_wool":1,"minecraft:cobblestone":65,"born_in_chaos_v1:corpse_maggot":1,"iceandfire:sapphire_gem":1,"minecraft:leather_chestplate":3,"minecraft:feather":33,"born_in_chaos_v1:monster_flesh":5,"quark:black_corundum_cluster":12,"drinkbeer:beer_mug_blaze_milk_stout":1,"minecraft:gunpowder":13,"minecraft:map":2,"minecraft:dirt":56,"minecraft:paper":56,"minecraft:white_banner":8,"born_in_chaos_v1:monster_skin":4,"born_in_chaos_v1:marigolds":5,"minecraft:leather_boots":1,"minecraft:bone":13,"minecraft:bow":1,"minecraft:wheat_seeds":35,"minecraft:iron_ingot":90,"minecraft:cooked_chicken":1,"minecraft:diamond_helmet":1,"minecraft:glass_bottle":19,"mca:wedding_ring_rg":1,"minecraft:book":37,"minecraft:milk_bucket":1,"minecraft:sweet_berries":34,"minecraft:gravel":27,"undead_unleashed:grave_metal_scrap":7,"minecraft:spruce_sapling":2,"born_in_chaos_v1:fangofthe_hound_leader":3,"minecraft:spruce_log":19,"minecraft:spider_eye":1,"spartanweaponry:iron_battle_hammer":1,"minecraft:slime_ball":33,"minecraft:diamond":81,"minecraft:soul_lantern":1,"minecraft:chainmail_leggings":3,"minecraft:iron_helmet":7,"minecraft:crossbow":4,"minecraft:golden_apple":18,"minecraft:spruce_sign":3,"minecraft:golden_horse_armor":1,"minecraft:emerald":111,"minecraft:coal":4,"minecraft:ender_pearl":3}},"DataVersion":3120}