{"stats":{"minecraft:crafted":{"spartanshields:invar_tower_shield":1},"minecraft:used":{"minecraft:oak_fence":172,"farmersdelight:onion_crate":7,"minecraft:petrified_oak_slab":2,"minecraft:jack_o_lantern":3,"minecraft:iron_bars":38,"spartanweaponry:cestus":10,"mca:golden_slanted_headstone":11,"minecraft:iron_shovel":1142,"minecraft:flint_and_steel":22,"minecraft:spruce_slab":74,"minecraft:red_concrete":80,"minecraft:redstone":31,"minecraft:polished_basalt":8,"minecraft:chest":1,"minecraft:decorated_pot":6,"minecraft:spruce_planks":1533,"quark:andesite_bricks_wall":7,"minecraft:stone":134,"minecraft:iron_sword":182,"minecraft:bell":2,"spartanshields:invar_tower_shield":18,"mca:deepslate_slanted_headstone":1,"minecraft:iron_chestplate":1,"minecraft:torch":90,"minecraft:brewing_stand":10,"minecraft:dirt":2296,"minecraft:anvil":6,"farmersdelight:carrot_crate":15,"mca:slanted_headstone":1,"farmersdelight:wild_onions":50,"iceandfire:spawn_egg_hippocampus":2,"minecraft:spruce_fence":784,"farmersdelight:roast_chicken":2,"farmersdelight:stuffed_pumpkin_block":3,"born_in_chaos_v1:supreme_measure":150,"minecraft:iron_hoe":372,"minecraft:ravager_spawn_egg":13,"minecraft:sea_lantern":100,"minecraft:villager_spawn_egg":4,"smallships:spruce_drakkar":1,"minecraft:lantern":61,"minecraft:iron_block":12,"minecraft:grass_block":918,"farmersdelight:rice_roll_medley_block":2,"minecraft:smooth_sandstone":1,"farmersdelight:wild_cabbages":52,"minecraft:chicken_spawn_egg":5,"minecraft:iron_helmet":1,"iceandfire:stone_statue":3,"farmersdelight:rice_bale":6,"farmersdelight:beetroot_crate":4,"minecraft:iron_boots":1,"minecraft:smooth_quartz":100,"farmersdelight:cabbage_crate":10,"quark:red_framed_glass":503,"quark:black_framed_glass":529,"minecraft:barrel":2,"minecraft:stone_brick_stairs":1214,"minecraft:stone_bricks":200,"drinkbeer:iron_call_bell":1,"quark:black_stool":3,"minecraft:glowstone":2580,"farmersdelight:basket":4,"spartanweaponry:iron_throwing_knife":14,"quark:glowberry_sack":2,"minecraft:wolf_spawn_egg":6,"guardvillagers:guard_spawn_egg":25,"minecraft:gold_block":213,"farmersdelight:shepherds_pie_block":4,"minecraft:egg":17,"minecraft:potato":60,"minecraft:iron_leggings":1,"farmersdelight:potato_crate":4,"farmersdelight:roast_chicken_block":5,"iceandfire:spawn_egg_hydra":1,"minecraft:wheat_seeds":170,"minecraft:dark_oak_stairs":1,"mca:male_villager_spawn_egg":103,"minecraft:water_bucket":406,"irons_spellbooks:priest_spawn_egg":9,"iceandfire:spawn_egg_amphithere":1,"minecraft:cow_spawn_egg":6,"minecraft:spruce_door":2,"minecraft:lodestone":2,"farmersdelight:honey_glazed_ham_block":6,"quark:framed_glass_pane":1,"smallships:dark_oak_cog":3,"minecraft:oak_planks":128,"drinkbeer:empty_beer_mug":6,"minecraft:sandstone":48,"minecraft:cut_sandstone":372,"minecraft:composter":6,"minecraft:cauldron":12,"iceandfire:dragon_skull_lightning":1,"minecraft:horse_spawn_egg":9,"minecraft:sheep_spawn_egg":5,"minecraft:vindicator_spawn_egg":195,"spartanweaponry:dynamite":5,"minecraft:golden_apple":7,"minecraft:oak_slab":11,"days_in_the_middle_ages:cell_door":2,"minecraft:birch_sign":1,"mca:female_villager_spawn_egg":81,"minecraft:light_gray_terracotta":3,"minecraft:white_bed":10,"minecraft:stone_brick_wall":41,"minecraft:black_bed":1,"minecraft:oak_log":82,"minecraft:black_terracotta":25,"minecraft:gray_terracotta":169,"smallships:spruce_galley":3,"spartanweaponry:iron_dagger":3,"minecraft:bread":21,"minecraft:stone_button":2,"drinkbeer:beer_mug_haars_icey_pale_lager":1,"minecraft:lectern":8,"quark:jungle_vertical_slab":2,"minecraft:red_terracotta":429,"iceandfire:spawn_egg_stymphalian_bird":1,"iceandfire:ash":3,"minecraft:iron_door":6,"smallships:spruce_cog":2,"minecraft:cat_spawn_egg":4,"mca:cobblestone_slanted_headstone":1,"spartanweaponry:netherite_spear":7,"minecraft:potion":16,"farmersdelight:wild_tomatoes":50,"smallships:spruce_brigg":2,"minecraft:grindstone":3,"minecraft:smithing_table":3,"quark:cocoa_beans_sack":2,"quark:berry_sack":2,"minecraft:chain":22,"minecraft:oak_boat":8,"minecraft:air":3,"minecraft:bone_meal":1,"minecraft:pillager_spawn_egg":91},"minecraft:dropped":{"minecraft:iron_sword":1,"spartanweaponry:iron_parrying_dagger":2,"mca:wedding_ring_rg":3,"minecraft:netherite_chestplate":1,"minecraft:netherite_helmet":1,"minecraft:lead":1,"minecraft:milk_bucket":1,"mca:blueprint":1,"minecraft:netherite_boots":1,"minecraft:wooden_sword":1,"mca:engagement_ring_rg":2,"quark:black_stool":1,"minecraft:rabbit_foot":2,"minecraft:netherite_leggings":1,"iceandfire:sapphire_gem":1},"minecraft:custom":{"minecraft:interact_with_smithing_table":1,"minecraft:mob_kills":123,"minecraft:interact_with_anvil":6,"minecraft:interact_with_crafting_table":2,"minecraft:fill_cauldron":2,"minecraft:bell_ring":3,"minecraft:leave_game":18,"minecraft:time_since_death":1603222,"minecraft:climb_one_cm":12566,"minecraft:sprint_one_cm":1637729,"minecraft:walk_one_cm":4374773,"minecraft:damage_blocked_by_shield":860,"minecraft:drop":20,"minecraft:talked_to_villager":8,"minecraft:raid_win":3,"minecraft:play_time":1603222,"minecraft:sneak_time":44115,"minecraft:walk_under_water_one_cm":47051,"minecraft:boat_one_cm":577461,"minecraft:jump":8457,"minecraft:walk_on_water_one_cm":111235,"minecraft:total_world_time":1603222,"minecraft:raid_trigger":4,"minecraft:time_since_rest":1603222,"minecraft:damage_taken":1865,"minecraft:damage_absorbed":198,"minecraft:trigger_trapped_chest":4,"minecraft:damage_dealt":34870,"minecraft:swim_one_cm":17641,"minecraft:fly_one_cm":11494319,"minecraft:open_chest":12,"minecraft:crouch_one_cm":52694,"minecraft:fall_one_cm":9540,"minecraft:horse_one_cm":2705262},"minecraft:killed":{"guardvillagers:guard":1,"born_in_chaos_v1:missioner":1,"mythicmounts:dragon":2,"minecraft:spider":2,"minecraft:vindicator":52,"born_in_chaos_v1:zombie_bruiser":1,"minecraft:phantom":1,"born_in_chaos_v1:maggot":2,"minecraft:skeleton":4,"born_in_chaos_v1:skeleton_thrasher":1,"mythicmounts:geckotoalizard":2,"minecraft:zombie_villager":1,"minecraft:salmon":1,"minecraft:ravager":2,"minecraft:creeper":2,"iceandfire:cockatrice":1,"minecraft:pillager":29,"minecraft:zombie":2,"born_in_chaos_v1:dread_hound":1,"mca:male_villager":11,"undead_unleashed:haunter":1,"mca:female_villager":3},"minecraft:picked_up":{"irons_spellbooks:scroll":1,"minecraft:iron_chestplate":2,"quark:white_corundum_cluster":15,"minecraft:wheat":53,"minecraft:ladder":2,"born_in_chaos_v1:river_mint":1,"minecraft:lead":3,"irons_spellbooks:holy_rune":1,"minecraft:potion":3,"minecraft:enchanted_book":2,"minecraft:shield":1,"minecraft:string":19,"minecraft:iron_axe":15,"minecraft:iron_leggings":2,"minecraft:purple_banner":2,"minecraft:experience_bottle":3,"minecraft:blue_orchid":14,"irons_spellbooks:arcane_essence":7,"minecraft:spruce_planks":3,"irons_spellbooks:epic_ink":1,"minecraft:poppy":1,"minecraft:azalea_leaves":12,"minecraft:iron_boots":1,"minecraft:phantom_membrane":2,"minecraft:egg":7,"minecraft:stick":7,"minecraft:sandstone":12,"born_in_chaos_v1:shattered_skull":1,"minecraft:oak_door":2,"minecraft:torch":3,"minecraft:spruce_fence":5,"minecraft:fire_charge":1,"minecraft:white_dye":1,"born_in_chaos_v1:pieceofdarkmetal":5,"minecraft:carrot":19,"minecraft:rabbit_foot":2,"minecraft:goat_horn":1,"minecraft:arrow":4,"minecraft:rotten_flesh":17,"minecraft:saddle":4,"minecraft:gold_ingot":61,"minecraft:blaze_rod":3,"minecraft:mutton":4,"drinkbeer:beer_mug_haars_icey_pale_lager":2,"minecraft:white_wool":21,"minecraft:cobblestone":28,"born_in_chaos_v1:fused_bone":2,"born_in_chaos_v1:corpse_maggot":3,"farmersdelight:mixed_salad":1,"born_in_chaos_v1:staffof_magic_arrows":1,"iceandfire:sapphire_gem":1,"born_in_chaos_v1:monster_flesh":1,"minecraft:tripwire_hook":5,"minecraft:salmon":1,"minecraft:potato":16,"quark:black_corundum_cluster":33,"born_in_chaos_v1:black_argillite_button":8,"minecraft:golden_boots":2,"minecraft:gunpowder":3,"minecraft:lantern":4,"minecraft:dirt":21,"minecraft:paper":9,"minecraft:white_banner":22,"irons_spellbooks:rare_ink":1,"irons_spellbooks:common_ink":4,"minecraft:bone":34,"minecraft:bow":1,"minecraft:wheat_seeds":21,"minecraft:bell":1,"irons_spellbooks:blood_vial":4,"minecraft:iron_ingot":47,"minecraft:dark_oak_sign":2,"minecraft:glass_bottle":5,"minecraft:diamond_helmet":1,"spartanweaponry:iron_dagger":1,"minecraft:iron_sword":6,"mca:wedding_ring_rg":3,"minecraft:book":1,"minecraft:milk_bucket":1,"mca:engagement_ring_rg":2,"born_in_chaos_v1:ethereal_spirit":1,"born_in_chaos_v1:black_argillitepressureplate":10,"minecraft:poisonous_potato":4,"minecraft:gravel":3,"spartanweaponry:iron_parrying_dagger":1,"undead_unleashed:grave_metal_scrap":6,"minecraft:spruce_sapling":3,"minecraft:spruce_log":19,"minecraft:dark_oak_log":12,"minecraft:leather_helmet":1,"minecraft:spider_eye":2,"minecraft:pumpkin_seeds":1,"minecraft:slime_ball":10,"born_in_chaos_v1:fire_dust":5,"minecraft:diamond":26,"irons_spellbooks:divine_pearl":4,"minecraft:soul_lantern":4,"minecraft:iron_helmet":2,"minecraft:crossbow":8,"minecraft:bone_meal":1,"minecraft:golden_horse_armor":1,"minecraft:emerald":45,"minecraft:coal":10,"minecraft:ender_pearl":6}},"DataVersion":3120}