{"stats":{"minecraft:used":{"minecraft:oak_fence":172,"farmersdelight:onion_crate":7,"minecraft:petrified_oak_slab":2,"minecraft:jack_o_lantern":3,"minecraft:iron_bars":38,"spartanweaponry:cestus":10,"mca:golden_slanted_headstone":11,"minecraft:iron_shovel":1073,"minecraft:flint_and_steel":22,"minecraft:spruce_slab":74,"minecraft:red_concrete":80,"minecraft:redstone":31,"minecraft:polished_basalt":8,"minecraft:chest":1,"minecraft:decorated_pot":6,"minecraft:spruce_planks":1533,"quark:andesite_bricks_wall":7,"minecraft:stone":134,"minecraft:iron_sword":102,"minecraft:bell":2,"mca:deepslate_slanted_headstone":1,"minecraft:torch":90,"minecraft:brewing_stand":10,"minecraft:dirt":2204,"minecraft:anvil":5,"farmersdelight:carrot_crate":15,"mca:slanted_headstone":1,"farmersdelight:wild_onions":50,"iceandfire:spawn_egg_hippocampus":2,"minecraft:spruce_fence":756,"farmersdelight:stuffed_pumpkin_block":3,"born_in_chaos_v1:supreme_measure":132,"minecraft:iron_hoe":372,"minecraft:ravager_spawn_egg":13,"minecraft:sea_lantern":100,"minecraft:villager_spawn_egg":4,"smallships:spruce_drakkar":1,"minecraft:lantern":61,"minecraft:iron_block":12,"minecraft:grass_block":918,"farmersdelight:rice_roll_medley_block":2,"minecraft:smooth_sandstone":1,"farmersdelight:wild_cabbages":52,"minecraft:chicken_spawn_egg":5,"iceandfire:stone_statue":3,"farmersdelight:rice_bale":6,"farmersdelight:beetroot_crate":4,"minecraft:smooth_quartz":100,"farmersdelight:cabbage_crate":10,"quark:red_framed_glass":503,"quark:black_framed_glass":529,"minecraft:barrel":2,"minecraft:stone_brick_stairs":1214,"minecraft:stone_bricks":200,"drinkbeer:iron_call_bell":1,"quark:black_stool":3,"minecraft:glowstone":2580,"farmersdelight:basket":4,"spartanweaponry:iron_throwing_knife":14,"quark:glowberry_sack":2,"minecraft:wolf_spawn_egg":6,"minecraft:gold_block":213,"farmersdelight:shepherds_pie_block":4,"minecraft:egg":17,"minecraft:potato":60,"farmersdelight:potato_crate":4,"farmersdelight:roast_chicken_block":5,"iceandfire:spawn_egg_hydra":1,"minecraft:wheat_seeds":170,"mca:male_villager_spawn_egg":87,"minecraft:water_bucket":406,"iceandfire:spawn_egg_amphithere":1,"minecraft:cow_spawn_egg":6,"minecraft:spruce_door":2,"minecraft:lodestone":2,"farmersdelight:honey_glazed_ham_block":6,"quark:framed_glass_pane":1,"smallships:dark_oak_cog":3,"minecraft:oak_planks":128,"drinkbeer:empty_beer_mug":6,"minecraft:sandstone":48,"minecraft:cut_sandstone":372,"minecraft:composter":6,"minecraft:cauldron":12,"iceandfire:dragon_skull_lightning":1,"minecraft:horse_spawn_egg":9,"minecraft:sheep_spawn_egg":5,"minecraft:vindicator_spawn_egg":157,"minecraft:oak_slab":11,"days_in_the_middle_ages:cell_door":2,"mca:female_villager_spawn_egg":74,"minecraft:light_gray_terracotta":3,"minecraft:white_bed":10,"minecraft:stone_brick_wall":41,"minecraft:black_bed":1,"minecraft:oak_log":82,"minecraft:black_terracotta":25,"minecraft:gray_terracotta":169,"smallships:spruce_galley":3,"spartanweaponry:iron_dagger":1,"minecraft:stone_button":2,"minecraft:lectern":8,"quark:jungle_vertical_slab":2,"minecraft:red_terracotta":429,"iceandfire:spawn_egg_stymphalian_bird":1,"iceandfire:ash":3,"minecraft:iron_door":6,"smallships:spruce_cog":2,"minecraft:cat_spawn_egg":4,"mca:cobblestone_slanted_headstone":1,"minecraft:potion":6,"farmersdelight:wild_tomatoes":50,"smallships:spruce_brigg":2,"minecraft:grindstone":3,"minecraft:smithing_table":3,"quark:cocoa_beans_sack":2,"quark:berry_sack":2,"minecraft:chain":22,"minecraft:oak_boat":8,"minecraft:bone_meal":1,"minecraft:pillager_spawn_egg":77},"minecraft:dropped":{"minecraft:iron_sword":1,"mca:wedding_ring_rg":3,"minecraft:lead":1,"mca:blueprint":1,"minecraft:wooden_sword":1,"mca:engagement_ring_rg":2,"quark:black_stool":1,"minecraft:rabbit_foot":2,"iceandfire:sapphire_gem":1},"minecraft:custom":{"minecraft:interact_with_smithing_table":1,"minecraft:mob_kills":80,"minecraft:interact_with_anvil":3,"minecraft:interact_with_crafting_table":1,"minecraft:fill_cauldron":2,"minecraft:bell_ring":3,"minecraft:leave_game":18,"minecraft:time_since_death":1375222,"minecraft:climb_one_cm":11302,"minecraft:sprint_one_cm":1369900,"minecraft:walk_one_cm":3815330,"minecraft:drop":13,"minecraft:talked_to_villager":5,"minecraft:play_time":1375222,"minecraft:sneak_time":40206,"minecraft:walk_under_water_one_cm":47051,"minecraft:boat_one_cm":577461,"minecraft:jump":7243,"minecraft:walk_on_water_one_cm":110571,"minecraft:total_world_time":1375222,"minecraft:raid_trigger":2,"minecraft:time_since_rest":1375222,"minecraft:damage_taken":60,"minecraft:damage_dealt":25820,"minecraft:swim_one_cm":17641,"minecraft:fly_one_cm":10667105,"minecraft:open_chest":12,"minecraft:crouch_one_cm":47023,"minecraft:fall_one_cm":1168,"minecraft:horse_one_cm":1276602},"minecraft:killed":{"guardvillagers:guard":1,"born_in_chaos_v1:missioner":1,"mythicmounts:dragon":2,"minecraft:spider":2,"minecraft:vindicator":20,"born_in_chaos_v1:zombie_bruiser":1,"born_in_chaos_v1:maggot":1,"minecraft:skeleton":4,"born_in_chaos_v1:skeleton_thrasher":1,"mythicmounts:geckotoalizard":2,"minecraft:zombie_villager":1,"minecraft:salmon":1,"minecraft:creeper":2,"iceandfire:cockatrice":1,"minecraft:pillager":21,"minecraft:zombie":2,"born_in_chaos_v1:dread_hound":1,"mca:male_villager":11,"undead_unleashed:haunter":1,"mca:female_villager":3},"minecraft:picked_up":{"minecraft:iron_chestplate":1,"quark:white_corundum_cluster":15,"minecraft:wheat":53,"minecraft:ladder":2,"born_in_chaos_v1:river_mint":1,"minecraft:lead":3,"minecraft:potion":3,"minecraft:enchanted_book":2,"minecraft:shield":1,"minecraft:string":17,"minecraft:iron_axe":5,"minecraft:iron_leggings":1,"minecraft:purple_banner":2,"minecraft:experience_bottle":3,"minecraft:blue_orchid":14,"irons_spellbooks:arcane_essence":7,"minecraft:spruce_planks":3,"minecraft:azalea_leaves":12,"minecraft:phantom_membrane":1,"minecraft:egg":7,"minecraft:stick":7,"minecraft:sandstone":12,"born_in_chaos_v1:shattered_skull":1,"minecraft:oak_door":2,"minecraft:torch":3,"minecraft:spruce_fence":5,"minecraft:fire_charge":1,"born_in_chaos_v1:pieceofdarkmetal":5,"minecraft:carrot":19,"minecraft:rabbit_foot":2,"minecraft:goat_horn":1,"minecraft:arrow":4,"minecraft:rotten_flesh":17,"minecraft:saddle":1,"minecraft:gold_ingot":61,"minecraft:blaze_rod":3,"minecraft:mutton":4,"drinkbeer:beer_mug_haars_icey_pale_lager":1,"minecraft:white_wool":21,"minecraft:cobblestone":28,"born_in_chaos_v1:fused_bone":2,"born_in_chaos_v1:corpse_maggot":2,"farmersdelight:mixed_salad":1,"born_in_chaos_v1:staffof_magic_arrows":1,"iceandfire:sapphire_gem":1,"born_in_chaos_v1:monster_flesh":1,"minecraft:tripwire_hook":5,"minecraft:salmon":1,"minecraft:potato":16,"quark:black_corundum_cluster":33,"born_in_chaos_v1:black_argillite_button":8,"minecraft:golden_boots":2,"minecraft:gunpowder":3,"minecraft:lantern":4,"minecraft:dirt":21,"minecraft:paper":9,"minecraft:white_banner":15,"irons_spellbooks:common_ink":3,"minecraft:bone":34,"minecraft:bow":1,"minecraft:wheat_seeds":14,"minecraft:bell":1,"irons_spellbooks:blood_vial":4,"minecraft:iron_ingot":44,"minecraft:dark_oak_sign":2,"minecraft:glass_bottle":5,"minecraft:diamond_helmet":1,"minecraft:iron_sword":4,"mca:wedding_ring_rg":3,"minecraft:book":1,"minecraft:milk_bucket":1,"mca:engagement_ring_rg":2,"born_in_chaos_v1:black_argillitepressureplate":10,"minecraft:poisonous_potato":4,"minecraft:gravel":3,"undead_unleashed:grave_metal_scrap":6,"minecraft:spruce_sapling":3,"minecraft:spruce_log":19,"minecraft:dark_oak_log":12,"minecraft:leather_helmet":1,"minecraft:spider_eye":1,"minecraft:pumpkin_seeds":1,"minecraft:slime_ball":10,"born_in_chaos_v1:fire_dust":5,"minecraft:diamond":26,"irons_spellbooks:divine_pearl":4,"minecraft:soul_lantern":4,"minecraft:iron_helmet":1,"minecraft:crossbow":6,"minecraft:bone_meal":1,"minecraft:golden_horse_armor":1,"minecraft:emerald":18,"minecraft:coal":10,"minecraft:ender_pearl":6}},"DataVersion":3120}