{"stats":{"minecraft:crafted":{"spartanshields:invar_tower_shield":2},"minecraft:used":{"iceandfire:silver_sword":206,"minecraft:bread":12,"minecraft:golden_apple":5,"spartanweaponry:iron_javelin":11,"minecraft:anvil":1,"spartanweaponry:iron_throwing_knife":1,"minecraft:loom":2,"minecraft:crossbow":11,"spartanweaponry:iron_longbow":55},"minecraft:dropped":{"minecraft:dirt":16,"minecraft:crossbow":2,"minecraft:rotten_flesh":4,"minecraft:white_banner":5,"minecraft:iron_axe":5,"minecraft:saddle":2,"minecraft:spruce_fence":5,"spartanshields:invar_tower_shield":1},"minecraft:custom":{"minecraft:time_since_rest":56547,"minecraft:sprint_one_cm":132332,"minecraft:damage_absorbed":140,"minecraft:damage_taken":991,"minecraft:walk_one_cm":176683,"minecraft:trigger_trapped_chest":11,"minecraft:mob_kills":67,"minecraft:interact_with_anvil":4,"minecraft:drop":40,"minecraft:damage_dealt":14056,"minecraft:fly_one_cm":132394,"minecraft:open_barrel":1,"minecraft:raid_win":2,"minecraft:open_chest":1,"minecraft:interact_with_loom":4,"minecraft:play_time":56547,"minecraft:sneak_time":73,"minecraft:bell_ring":43,"minecraft:jump":584,"minecraft:damage_dealt_resisted":69,"minecraft:time_since_death":56547,"minecraft:climb_one_cm":274,"minecraft:total_world_time":56547,"minecraft:fall_one_cm":13177},"minecraft:killed":{"minecraft:horse":1,"minecraft:pillager":33,"born_in_chaos_v1:mr_pumpkin":1,"minecraft:zombie":2,"minecraft:vindicator":20,"undead_unleashed:haunter":5,"minecraft:ravager":2},"minecraft:picked_up":{"minecraft:spruce_fence":5,"paraglider:heart_container":1,"minecraft:dirt":16,"minecraft:iron_axe":5,"minecraft:white_banner":5,"minecraft:leather_boots":1,"iceandfire:silver_ingot":128,"minecraft:arrow":1,"minecraft:rotten_flesh":4,"minecraft:crossbow":5,"minecraft:saddle":4,"minecraft:emerald":11}},"DataVersion":3120}