{"stats":{"minecraft:crafted":{"spartanshields:invar_tower_shield":2},"minecraft:used":{"iceandfire:silver_sword":206,"spartanweaponry:iron_parrying_dagger":18,"spartanweaponry:iron_saber":28,"minecraft:oak_stairs":97,"minecraft:bread":21,"minecraft:spruce_sign":1,"minecraft:dirt":58,"minecraft:golden_apple":5,"spartanweaponry:iron_javelin":11,"minecraft:anvil":1,"spartanweaponry:iron_throwing_knife":1,"minecraft:crafting_table":1,"minecraft:loom":2,"minecraft:crossbow":11,"spartanweaponry:iron_longbow":87},"minecraft:dropped":{"minecraft:bread":1,"minecraft:dirt":16,"minecraft:crossbow":2,"minecraft:rotten_flesh":4,"minecraft:white_banner":5,"minecraft:iron_axe":5,"minecraft:saddle":2,"minecraft:spruce_fence":5,"spartanshields:invar_tower_shield":1},"minecraft:custom":{"minecraft:time_since_rest":116547,"minecraft:sprint_one_cm":194602,"minecraft:damage_absorbed":140,"minecraft:damage_taken":1339,"minecraft:walk_one_cm":306224,"minecraft:trigger_trapped_chest":11,"minecraft:mob_kills":84,"minecraft:interact_with_anvil":4,"minecraft:drop":41,"minecraft:damage_dealt":17017,"minecraft:interact_with_crafting_table":1,"minecraft:fly_one_cm":272558,"minecraft:open_barrel":1,"minecraft:raid_win":2,"minecraft:open_chest":1,"minecraft:crouch_one_cm":130,"minecraft:interact_with_loom":4,"minecraft:play_time":116547,"minecraft:sneak_time":1004,"minecraft:bell_ring":43,"minecraft:jump":923,"minecraft:damage_dealt_resisted":69,"minecraft:time_since_death":116547,"minecraft:climb_one_cm":286,"minecraft:total_world_time":116547,"minecraft:fall_one_cm":19885},"minecraft:mined":{"minecraft:grass_block":2,"minecraft:dirt":4},"minecraft:killed":{"minecraft:horse":1,"born_in_chaos_v1:bloody_gadfly":1,"born_in_chaos_v1:fallen_chaos_knight":1,"minecraft:pillager":33,"born_in_chaos_v1:mr_pumpkin":1,"minecraft:zombie":4,"undead_unleashed:shadewraith":1,"born_in_chaos_v1:zombie_lumberjack":1,"minecraft:vindicator":20,"undead_unleashed:haunter":5,"minecraft:ravager":2,"born_in_chaos_v1:zombie_bruiser":1,"born_in_chaos_v1:scarlet_persecutor":4,"born_in_chaos_v1:decrepit_skeleton":1,"born_in_chaos_v1:maggot":2,"minecraft:phantom":3},"minecraft:picked_up":{"undead_unleashed:cursed_cloth":1,"minecraft:jungle_log":2,"born_in_chaos_v1:seedof_chaos":1,"born_in_chaos_v1:ethereal_spirit":5,"minecraft:oak_stairs":1,"minecraft:spruce_fence":5,"paraglider:heart_container":1,"born_in_chaos_v1:pieceofdarkmetal":5,"minecraft:dark_oak_log":2,"minecraft:bone":4,"minecraft:dirt":36,"minecraft:iron_axe":5,"minecraft:white_banner":5,"minecraft:leather_boots":1,"iceandfire:silver_ingot":128,"minecraft:arrow":1,"minecraft:rotten_flesh":11,"minecraft:crossbow":5,"minecraft:spruce_sign":1,"minecraft:bread":1,"minecraft:saddle":4,"minecraft:emerald":11}},"DataVersion":3120}