{"stats":{"minecraft:crafted":{"spartanshields:invar_tower_shield":2},"minecraft:used":{"minecraft:dirt_path":1,"iceandfire:silver_sword":235,"spartanweaponry:iron_parrying_dagger":58,"minecraft:spruce_sign":1,"undead_unleashed:moonlight_greatsword":214,"minecraft:golden_apple":12,"minecraft:dirt":58,"spartanweaponry:iron_javelin":11,"minecraft:anvil":1,"minecraft:crafting_table":1,"minecraft:loom":2,"minecraft:crossbow":11,"spartanweaponry:iron_longbow":131,"spartanweaponry:iron_saber":61,"minecraft:oak_stairs":97,"minecraft:bread":44,"spartanweaponry:iron_throwing_knife":1},"minecraft:custom":{"minecraft:interact_with_anvil":7,"minecraft:mob_kills":203,"minecraft:interact_with_crafting_table":1,"minecraft:open_barrel":1,"minecraft:interact_with_loom":4,"minecraft:raid_trigger":1,"minecraft:bell_ring":43,"minecraft:damage_dealt_resisted":1205,"minecraft:time_since_death":170547,"minecraft:climb_one_cm":976,"minecraft:damage_resisted":44,"minecraft:time_since_rest":170547,"minecraft:sprint_one_cm":294755,"minecraft:walk_one_cm":449960,"minecraft:damage_taken":3057,"minecraft:damage_absorbed":261,"minecraft:trigger_trapped_chest":11,"minecraft:drop":44,"minecraft:damage_dealt":40423,"minecraft:swim_one_cm":6220,"minecraft:fly_one_cm":420587,"minecraft:raid_win":4,"minecraft:open_chest":1,"minecraft:crouch_one_cm":1086,"minecraft:play_time":170547,"minecraft:sneak_time":1219,"minecraft:walk_under_water_one_cm":2086,"minecraft:jump":1563,"minecraft:walk_on_water_one_cm":12035,"minecraft:total_world_time":170547,"minecraft:fall_one_cm":37689},"minecraft:dropped":{"minecraft:bread":1,"minecraft:wheat_seeds":1,"minecraft:crossbow":2,"minecraft:rotten_flesh":4,"spartanweaponry:iron_saber":1,"minecraft:saddle":2,"minecraft:spruce_fence":5,"minecraft:dirt":16,"minecraft:white_banner":5,"minecraft:iron_axe":5,"spartanweaponry:iron_dagger":1,"spartanshields:invar_tower_shield":1},"minecraft:mined":{"minecraft:grass_block":2,"minecraft:dirt":4},"minecraft:killed":{"born_in_chaos_v1:fallen_chaos_knight":1,"born_in_chaos_v1:mr_pumpkin":1,"born_in_chaos_v1:zombie_lumberjack":1,"minecraft:vindicator":64,"minecraft:ravager":10,"born_in_chaos_v1:zombie_bruiser":1,"born_in_chaos_v1:maggot":2,"born_in_chaos_v1:decrepit_skeleton":1,"born_in_chaos_v1:scarlet_persecutor":4,"minecraft:phantom":6,"minecraft:horse":1,"born_in_chaos_v1:bloody_gadfly":1,"minecraft:pillager":70,"minecraft:zombie":4,"undead_unleashed:shadewraith":2,"undead_unleashed:haunter":7},"minecraft:picked_up":{"born_in_chaos_v1:seedof_chaos":1,"minecraft:jungle_log":2,"undead_unleashed:cursed_cloth":2,"minecraft:oak_stairs":1,"paraglider:heart_container":1,"minecraft:dirt":36,"minecraft:white_banner":14,"minecraft:iron_axe":9,"minecraft:leather_boots":1,"minecraft:bone":10,"illageandspillage:bag_of_horrors":1,"minecraft:wheat_seeds":4,"spartanweaponry:iron_dagger":1,"spartanweaponry:iron_saber":1,"born_in_chaos_v1:ethereal_spirit":5,"minecraft:spruce_fence":5,"born_in_chaos_v1:pieceofdarkmetal":8,"minecraft:dark_oak_log":2,"iceandfire:silver_ingot":128,"minecraft:arrow":1,"minecraft:rotten_flesh":11,"minecraft:crossbow":7,"minecraft:saddle":10,"minecraft:spruce_sign":1,"minecraft:emerald":44,"minecraft:bread":1}},"DataVersion":3120}