{"stats":{"minecraft:used":{"minecraft:dirt_path":1,"iceandfire:silver_sword":235,"spartanweaponry:iron_parrying_dagger":58,"minecraft:spruce_sign":1,"undead_unleashed:moonlight_greatsword":555,"minecraft:golden_apple":17,"minecraft:dirt":64,"spartanweaponry:iron_javelin":11,"minecraft:anvil":1,"minecraft:crafting_table":1,"minecraft:loom":2,"minecraft:crossbow":11,"spartanweaponry:iron_longbow":199,"spartanweaponry:iron_saber":61,"minecraft:oak_stairs":97,"minecraft:bread":104,"spartanweaponry:iron_throwing_knife":1,"minecraft:oak_sapling":3},"minecraft:crafted":{"minecraft:oak_planks":24,"minecraft:crafting_table":1,"spartanshields:invar_tower_shield":2},"minecraft:custom":{"minecraft:mob_kills":340,"minecraft:interact_with_anvil":7,"minecraft:interact_with_crafting_table":1,"minecraft:open_barrel":1,"minecraft:interact_with_loom":4,"minecraft:raid_trigger":2,"minecraft:bell_ring":44,"minecraft:damage_dealt_resisted":1205,"minecraft:leave_game":1,"minecraft:time_since_death":6305,"minecraft:climb_one_cm":1594,"minecraft:damage_resisted":44,"minecraft:time_since_rest":6425,"minecraft:sprint_one_cm":727873,"minecraft:damage_absorbed":268,"minecraft:damage_taken":8264,"minecraft:walk_one_cm":734557,"minecraft:trigger_trapped_chest":12,"minecraft:drop":158,"minecraft:damage_dealt":63455,"minecraft:damage_dealt_absorbed":40,"minecraft:swim_one_cm":33123,"minecraft:fly_one_cm":905067,"minecraft:raid_win":6,"minecraft:open_chest":4,"minecraft:crouch_one_cm":3547,"minecraft:play_time":296546,"minecraft:sneak_time":2402,"minecraft:deaths":2,"minecraft:walk_under_water_one_cm":4713,"minecraft:jump":3177,"minecraft:walk_on_water_one_cm":17638,"minecraft:total_world_time":296546,"minecraft:fall_one_cm":100592},"minecraft:dropped":{"minecraft:bread":1,"minecraft:iron_sword":3,"minecraft:wheat_seeds":1,"minecraft:crossbow":15,"minecraft:rotten_flesh":4,"spartanweaponry:iron_saber":1,"minecraft:saddle":11,"minecraft:spruce_fence":5,"illageandspillage:bag_of_horrors":1,"minecraft:dirt":69,"minecraft:shield":2,"minecraft:stone_brick_wall":1,"minecraft:white_banner":23,"minecraft:iron_axe":26,"spartanweaponry:iron_dagger":1,"spartanshields:invar_tower_shield":1},"minecraft:mined":{"minecraft:grass_block":3,"treechop:chopped_log":1,"minecraft:dirt_path":1,"minecraft:dirt":8},"minecraft:killed_by":{"minecraft:player":1},"minecraft:killed":{"born_in_chaos_v1:fallen_chaos_knight":1,"born_in_chaos_v1:mr_pumpkin":1,"born_in_chaos_v1:zombie_lumberjack":1,"minecraft:vindicator":149,"minecraft:ravager":11,"illageandspillage:trick_or_treat":1,"born_in_chaos_v1:zombie_bruiser":1,"born_in_chaos_v1:scarlet_persecutor":4,"born_in_chaos_v1:decrepit_skeleton":1,"born_in_chaos_v1:maggot":2,"minecraft:phantom":15,"minecraft:horse":1,"born_in_chaos_v1:bloody_gadfly":1,"minecraft:pillager":82,"minecraft:zombie":4,"undead_unleashed:shadewraith":2,"mca:male_villager":1,"minecraft:drowned":1,"undead_unleashed:haunter":10},"minecraft:picked_up":{"irons_spellbooks:scroll":1,"undead_unleashed:cursed_cloth":2,"minecraft:jungle_log":2,"born_in_chaos_v1:seedof_chaos":1,"minecraft:oak_stairs":1,"minecraft:stone_brick_wall":1,"irons_spellbooks:holy_rune":1,"minecraft:oak_log":6,"paraglider:heart_container":1,"minecraft:shield":2,"minecraft:dirt":95,"minecraft:white_banner":28,"minecraft:iron_axe":27,"irons_spellbooks:rare_ink":1,"minecraft:leather_boots":1,"minecraft:bone":10,"illageandspillage:bag_of_horrors":2,"irons_spellbooks:arcane_essence":1,"minecraft:wheat_seeds":4,"minecraft:glowstone_dust":3,"spartanweaponry:iron_dagger":1,"minecraft:iron_sword":3,"minecraft:phantom_membrane":8,"spartanweaponry:iron_saber":1,"born_in_chaos_v1:ethereal_spirit":5,"minecraft:spruce_fence":5,"born_in_chaos_v1:pieceofdarkmetal":8,"minecraft:dark_oak_log":2,"iceandfire:silver_ingot":128,"minecraft:arrow":1,"minecraft:rotten_flesh":11,"minecraft:crossbow":18,"minecraft:spruce_sign":1,"minecraft:saddle":15,"minecraft:emerald":82,"minecraft:bread":3,"minecraft:oak_sapling":3}},"DataVersion":3120}