{"stats":{"minecraft:used":{"spartanweaponry:iron_javelin":6,"minecraft:anvil":1,"minecraft:loom":2,"minecraft:bread":5,"spartanweaponry:iron_longbow":33},"minecraft:crafted":{"spartanshields:invar_tower_shield":2},"minecraft:dropped":{"spartanshields:invar_tower_shield":1},"minecraft:custom":{"minecraft:time_since_rest":26547,"minecraft:open_chest":1,"minecraft:play_time":26547,"minecraft:sprint_one_cm":18792,"minecraft:interact_with_loom":4,"minecraft:damage_taken":200,"minecraft:walk_one_cm":47654,"minecraft:sneak_time":73,"minecraft:interact_with_anvil":3,"minecraft:trigger_trapped_chest":8,"minecraft:mob_kills":5,"minecraft:drop":1,"minecraft:jump":105,"minecraft:time_since_death":26547,"minecraft:total_world_time":26547,"minecraft:fly_one_cm":28922,"minecraft:fall_one_cm":4531},"minecraft:killed":{"minecraft:horse":1,"minecraft:vindicator":1,"minecraft:pillager":2},"minecraft:picked_up":{"minecraft:arrow":1}},"DataVersion":3120}