{"stats":{"minecraft:crafted":{"spartanshields:invar_tower_shield":2},"minecraft:used":{"minecraft:dirt_path":1,"iceandfire:silver_sword":235,"spartanweaponry:iron_parrying_dagger":58,"minecraft:spruce_sign":1,"undead_unleashed:moonlight_greatsword":1,"minecraft:golden_apple":11,"minecraft:dirt":58,"spartanweaponry:iron_javelin":11,"minecraft:anvil":1,"minecraft:crafting_table":1,"minecraft:loom":2,"minecraft:crossbow":11,"spartanweaponry:iron_longbow":130,"spartanweaponry:iron_saber":61,"minecraft:oak_stairs":97,"minecraft:bread":36,"spartanweaponry:iron_throwing_knife":1},"minecraft:custom":{"minecraft:interact_with_anvil":7,"minecraft:mob_kills":116,"minecraft:interact_with_crafting_table":1,"minecraft:open_barrel":1,"minecraft:interact_with_loom":4,"minecraft:bell_ring":43,"minecraft:damage_dealt_resisted":69,"minecraft:time_since_death":158547,"minecraft:climb_one_cm":465,"minecraft:time_since_rest":158547,"minecraft:sprint_one_cm":258333,"minecraft:walk_one_cm":392683,"minecraft:damage_taken":2501,"minecraft:damage_absorbed":219,"minecraft:trigger_trapped_chest":11,"minecraft:drop":43,"minecraft:damage_dealt":23572,"minecraft:fly_one_cm":380022,"minecraft:raid_win":3,"minecraft:open_chest":1,"minecraft:crouch_one_cm":1060,"minecraft:play_time":158547,"minecraft:sneak_time":1193,"minecraft:jump":1335,"minecraft:total_world_time":158547,"minecraft:fall_one_cm":34853},"minecraft:dropped":{"minecraft:bread":1,"minecraft:wheat_seeds":1,"minecraft:crossbow":2,"minecraft:rotten_flesh":4,"spartanweaponry:iron_saber":1,"minecraft:saddle":2,"minecraft:spruce_fence":5,"minecraft:dirt":16,"minecraft:white_banner":5,"minecraft:iron_axe":5,"spartanshields:invar_tower_shield":1},"minecraft:mined":{"minecraft:grass_block":2,"minecraft:dirt":4},"minecraft:killed":{"born_in_chaos_v1:fallen_chaos_knight":1,"born_in_chaos_v1:mr_pumpkin":1,"born_in_chaos_v1:zombie_lumberjack":1,"minecraft:vindicator":32,"minecraft:ravager":4,"born_in_chaos_v1:zombie_bruiser":1,"born_in_chaos_v1:maggot":2,"born_in_chaos_v1:decrepit_skeleton":1,"born_in_chaos_v1:scarlet_persecutor":4,"minecraft:phantom":6,"minecraft:horse":1,"born_in_chaos_v1:bloody_gadfly":1,"minecraft:pillager":47,"minecraft:zombie":4,"undead_unleashed:shadewraith":1,"undead_unleashed:haunter":5},"minecraft:picked_up":{"born_in_chaos_v1:seedof_chaos":1,"minecraft:jungle_log":2,"undead_unleashed:cursed_cloth":1,"minecraft:oak_stairs":1,"paraglider:heart_container":1,"minecraft:dirt":36,"minecraft:white_banner":9,"minecraft:iron_axe":6,"minecraft:leather_boots":1,"minecraft:bone":4,"minecraft:wheat_seeds":3,"spartanweaponry:iron_saber":1,"born_in_chaos_v1:ethereal_spirit":5,"minecraft:spruce_fence":5,"born_in_chaos_v1:pieceofdarkmetal":5,"minecraft:dark_oak_log":2,"iceandfire:silver_ingot":128,"minecraft:arrow":1,"minecraft:rotten_flesh":11,"minecraft:crossbow":5,"minecraft:saddle":5,"minecraft:spruce_sign":1,"minecraft:emerald":17,"minecraft:bread":1}},"DataVersion":3120}