{"stats":{"minecraft:used":{"spartanweaponry:iron_longbow":1,"spartanweaponry:iron_javelin":1,"minecraft:anvil":1,"minecraft:loom":2,"minecraft:bread":3},"minecraft:crafted":{"spartanshields:invar_tower_shield":2},"minecraft:dropped":{"spartanshields:invar_tower_shield":1},"minecraft:custom":{"minecraft:jump":10,"minecraft:open_chest":1,"minecraft:time_since_rest":14547,"minecraft:interact_with_loom":4,"minecraft:sprint_one_cm":3317,"minecraft:play_time":14547,"minecraft:damage_taken":170,"minecraft:time_since_death":14547,"minecraft:walk_one_cm":24845,"minecraft:sneak_time":21,"minecraft:trigger_trapped_chest":3,"minecraft:total_world_time":14547,"minecraft:interact_with_anvil":3,"minecraft:drop":1,"minecraft:fall_one_cm":2461,"minecraft:fly_one_cm":3407},"minecraft:picked_up":{"minecraft:arrow":1}},"DataVersion":3120}