{"stats":{"minecraft:crafted":{"spartanshields:invar_tower_shield":2},"minecraft:used":{"iceandfire:silver_sword":118,"minecraft:bread":11,"minecraft:golden_apple":1,"spartanweaponry:iron_javelin":11,"minecraft:anvil":1,"spartanweaponry:iron_throwing_knife":1,"minecraft:loom":2,"minecraft:crossbow":2,"spartanweaponry:iron_longbow":55},"minecraft:dropped":{"spartanshields:invar_tower_shield":1},"minecraft:custom":{"minecraft:time_since_rest":38547,"minecraft:sprint_one_cm":70497,"minecraft:damage_absorbed":41,"minecraft:damage_taken":644,"minecraft:walk_one_cm":97135,"minecraft:trigger_trapped_chest":8,"minecraft:mob_kills":41,"minecraft:interact_with_anvil":4,"minecraft:drop":1,"minecraft:damage_dealt":8148,"minecraft:fly_one_cm":84088,"minecraft:open_barrel":1,"minecraft:raid_win":1,"minecraft:open_chest":1,"minecraft:interact_with_loom":4,"minecraft:play_time":38547,"minecraft:sneak_time":73,"minecraft:bell_ring":43,"minecraft:jump":345,"minecraft:damage_dealt_resisted":69,"minecraft:time_since_death":38547,"minecraft:total_world_time":38547,"minecraft:fall_one_cm":9531},"minecraft:killed":{"minecraft:horse":1,"minecraft:pillager":26,"minecraft:zombie":1,"minecraft:vindicator":9,"undead_unleashed:haunter":4,"minecraft:ravager":1},"minecraft:picked_up":{"minecraft:spruce_fence":5,"paraglider:heart_container":1,"minecraft:dirt":16,"minecraft:iron_axe":1,"minecraft:white_banner":4,"minecraft:leather_boots":1,"minecraft:arrow":1,"minecraft:rotten_flesh":2,"minecraft:crossbow":3,"minecraft:saddle":2,"minecraft:emerald":6}},"DataVersion":3120}