{"stats":{"minecraft:killed":{"minecraft:pig":1,"mythicmounts:dragon":1,"minecraft:spider":3,"minecraft:creeper":1,"minecraft:skeleton":2,"minecraft:pillager":3,"minecraft:chicken":3,"born_in_chaos_v1:dark_vortex":1,"undead_unleashed:haunter":1,"minecraft:enderman":1},"minecraft:dropped":{"minecraft:iron_sword":1,"minecraft:porkchop":6,"minecraft:wheat_seeds":1,"minecraft:cooked_chicken":1,"minecraft:golden_horse_armor":2,"minecraft:wheat":4,"minecraft:rotten_flesh":2,"minecraft:hay_block":1,"minecraft:milk_bucket":2,"drinkbeer:beer_mug_blaze_milk_stout":3,"minecraft:leather_leggings":1,"minecraft:wooden_sword":1,"farmersdelight:steak_and_potatoes":2,"minecraft:sand":1,"minecraft:arrow":2,"minecraft:string":1,"quark:black_stool":1},"minecraft:picked_up":{"iceandfire:dragon_skull_lightning":1,"minecraft:wheat":4,"minecraft:feather":8,"minecraft:chicken":1,"minecraft:leather_leggings":1,"minecraft:structure_block":1,"minecraft:lead":4,"minecraft:enchanted_book":1,"minecraft:flint":5,"drinkbeer:beer_mug_blaze_milk_stout":3,"minecraft:string":3,"minecraft:dirt":4,"minecraft:raw_copper":3,"minecraft:wooden_sword":2,"minecraft:wheat_seeds":1,"minecraft:spruce_planks":3,"minecraft:iron_sword":1,"minecraft:phantom_membrane":2,"minecraft:egg":2,"minecraft:book":3,"minecraft:sandstone":10,"beautify:lamp_candleabra_yellow":1,"farmersdelight:steak_and_potatoes":1,"quark:black_stool":2,"born_in_chaos_v1:ethereal_spirit":1,"minecraft:gravel":43,"born_in_chaos_v1:dark_rod":1,"minecraft:porkchop":6,"minecraft:sand":2,"iceandfire:rotten_egg":1,"minecraft:diorite":15,"minecraft:spider_eye":1,"minecraft:arrow":2,"minecraft:rotten_flesh":2,"minecraft:diamond":5,"minecraft:hay_block":1,"minecraft:gold_ingot":9,"minecraft:coal":2,"minecraft:cobblestone":72},"minecraft:used":{"drinkbeer:beer_mug_blaze_milk_stout":144,"minecraft:oak_fence":5,"minecraft:dark_oak_stairs":29,"iceandfire:fire_dragon_flesh":1,"spartanweaponry:iron_parrying_dagger":1,"minecraft:lead":3,"minecraft:spruce_slab":77,"quark:ancient_fruit":1,"minecraft:oak_sign":1,"minecraft:spruce_planks":8,"minecraft:sandstone":16,"minecraft:stonecutter":1,"iceandfire:dragon_skull_lightning":3,"minecraft:spruce_fence_gate":7,"minecraft:cooked_chicken":2,"minecraft:structure_block":1,"minecraft:oak_leaves":78,"minecraft:torch":339,"minecraft:golden_apple":52,"minecraft:dirt":9,"minecraft:sand":1,"minecraft:anvil":1,"beautify:lamp_candleabra_yellow":23,"minecraft:spruce_stairs":310,"quark:red_stool":22,"minecraft:blast_furnace":9,"minecraft:light_gray_terracotta":1,"minecraft:campfire":5,"minecraft:dark_oak_fence_gate":1,"minecraft:stone_brick_wall":12,"minecraft:spruce_fence":30,"minecraft:milk_bucket":15,"minecraft:oak_fence_gate":1,"farmersdelight:rope":1,"minecraft:glass":7,"born_in_chaos_v1:supreme_measure":2,"minecraft:black_terracotta":1,"minecraft:gray_terracotta":7,"minecraft:brown_terracotta":2,"spartanweaponry:iron_dagger":3,"spartanweaponry:iron_tomahawk":4,"minecraft:lantern":20,"minecraft:grass_block":2,"minecraft:red_terracotta":65,"minecraft:dark_oak_slab":7,"iceandfire:dragonsteel_ice_sword":17,"minecraft:gravel":4,"minecraft:stone_brick_stairs":1,"minecraft:stone_bricks":1,"drinkbeer:beer_mug_pumpkin_kvass":16,"quark:black_stool":3,"minecraft:netherite_boots":1,"minecraft:wooden_sword":53,"quark:slime_in_a_bucket":5,"minecraft:hay_block":5,"minecraft:grindstone":1,"minecraft:porkchop":6,"iceandfire:dragonsteel_lightning_sword":3,"minecraft:smithing_table":2,"minecraft:egg":72,"spartanweaponry:iron_greatsword":20},"minecraft:custom":{"minecraft:interact_with_smithing_table":1,"minecraft:interact_with_anvil":1,"minecraft:mob_kills":18,"minecraft:leave_game":2,"minecraft:time_since_death":418915,"minecraft:climb_one_cm":1434,"minecraft:time_since_rest":418915,"minecraft:damage_absorbed":1240,"minecraft:sprint_one_cm":725852,"minecraft:walk_one_cm":663722,"minecraft:damage_taken":2411,"minecraft:drop":31,"minecraft:damage_dealt":5909,"minecraft:fly_one_cm":2372612,"minecraft:open_chest":29,"minecraft:crouch_one_cm":37987,"minecraft:play_time":418915,"minecraft:sneak_time":18447,"minecraft:boat_one_cm":78572,"minecraft:aviate_one_cm":1012,"minecraft:jump":2445,"minecraft:interact_with_blast_furnace":1,"minecraft:walk_on_water_one_cm":1355,"minecraft:total_world_time":418915,"minecraft:fall_one_cm":2206,"minecraft:horse_one_cm":1010486}},"DataVersion":3120}